-- MySQL dump 10.13  Distrib 5.7.20, for Linux (x86_64)
--
-- Host: localhost    Database: agileplan
-- ------------------------------------------------------
-- Server version	5.7.20-0ubuntu0.16.04.1

/*!40101 SET @OLD_CHARACTER_SET_CLIENT=@@CHARACTER_SET_CLIENT */;
/*!40101 SET @OLD_CHARACTER_SET_RESULTS=@@CHARACTER_SET_RESULTS */;
/*!40101 SET @OLD_COLLATION_CONNECTION=@@COLLATION_CONNECTION */;
/*!40101 SET NAMES utf8 */;
/*!40103 SET @OLD_TIME_ZONE=@@TIME_ZONE */;
/*!40103 SET TIME_ZONE='+00:00' */;
/*!40014 SET @OLD_UNIQUE_CHECKS=@@UNIQUE_CHECKS, UNIQUE_CHECKS=0 */;
/*!40014 SET @OLD_FOREIGN_KEY_CHECKS=@@FOREIGN_KEY_CHECKS, FOREIGN_KEY_CHECKS=0 */;
/*!40101 SET @OLD_SQL_MODE=@@SQL_MODE, SQL_MODE='NO_AUTO_VALUE_ON_ZERO' */;
/*!40111 SET @OLD_SQL_NOTES=@@SQL_NOTES, SQL_NOTES=0 */;

--
-- Table structure for table `developers`
--

DROP TABLE IF EXISTS `developers`;
/*!40101 SET @saved_cs_client     = @@character_set_client */;
/*!40101 SET character_set_client = utf8 */;
CREATE TABLE `developers` (
  `id` int(11) NOT NULL AUTO_INCREMENT,
  `firstname` varchar(45) DEFAULT NULL,
  `lastname` varchar(45) DEFAULT NULL,
  `username` varchar(45) DEFAULT NULL,
  `icon` varchar(45) DEFAULT NULL,
  `imageurl` varchar(100) DEFAULT NULL,
  PRIMARY KEY (`id`)
) ENGINE=InnoDB AUTO_INCREMENT=23 DEFAULT CHARSET=utf8mb4;
/*!40101 SET character_set_client = @saved_cs_client */;

--
-- Dumping data for table `developers`
--

LOCK TABLES `developers` WRITE;
/*!40000 ALTER TABLE `developers` DISABLE KEYS */;
INSERT INTO `developers` VALUES (1,'Richard','Oelmann','s2114508','linux',NULL),(2,'Alex','Stennett','abc123','globe',''),(3,'Corina','Payne','abc123','compass',''),(4,'Rich','Hill','abc123','map',NULL),(5,'Nic','Sysum','abc123','map',NULL),(6,'Hong','Lei','abc123','database',''),(7,'Russell','Gough','abc123','users',NULL),(8,'Pete','Tozer','abc123','money',''),(9,'Roger','Pupplett','abc123','video',NULL),(10,'Steve','Howes','abc123','book',''),(11,'Les','Maas','abc123','laptop',NULL),(12,'Ian','Dolan','abc123','laptop',NULL);
/*!40000 ALTER TABLE `developers` ENABLE KEYS */;
UNLOCK TABLES;

--
-- Table structure for table `effort`
--

DROP TABLE IF EXISTS `effort`;
/*!40101 SET @saved_cs_client     = @@character_set_client */;
/*!40101 SET character_set_client = utf8 */;
CREATE TABLE `effort` (
  `id` int(11) NOT NULL AUTO_INCREMENT,
  `taskid` int(11) DEFAULT NULL,
  `developerid` int(11) DEFAULT NULL,
  `weekid` int(11) DEFAULT NULL,
  `effort` int(11) DEFAULT NULL,
  PRIMARY KEY (`id`)
) ENGINE=InnoDB AUTO_INCREMENT=8509 DEFAULT CHARSET=utf8mb4;
/*!40101 SET character_set_client = @saved_cs_client */;

--
-- Dumping data for table `effort`
--

LOCK TABLES `effort` WRITE;
/*!40000 ALTER TABLE `effort` DISABLE KEYS */;
INSERT INTO `effort` VALUES (1,1,1,12,22),(2,1,2,4,5),(7757,1,1,1,0),(7758,1,1,2,0),(7759,1,1,3,0),(7760,1,1,4,4),(7761,1,1,5,7),(7762,1,1,6,0),(7763,1,1,7,4),(7764,1,1,8,0),(7765,1,1,9,2),(7766,1,1,10,4),(7767,1,1,11,8),(7768,1,1,13,0),(7769,1,1,14,0),(7770,1,1,15,0),(7771,1,1,16,0),(7772,1,1,17,0),(7773,1,1,18,0),(7774,1,1,19,0),(7775,1,1,20,0),(7776,1,1,21,0),(7777,1,1,22,0),(7778,1,1,23,0),(7779,1,1,24,0),(7780,1,1,25,0),(7781,1,1,26,0),(7782,1,1,27,0),(7783,1,1,28,0),(7784,1,1,29,0),(7785,1,1,30,0),(7786,1,1,31,0),(7787,1,1,32,0),(7788,1,1,33,0),(7789,1,1,34,0),(7790,1,1,35,0),(7791,1,1,36,0),(7792,1,1,37,0),(7793,1,1,38,0),(7794,1,1,39,0),(7795,1,1,40,0),(7796,1,1,41,0),(7797,1,1,42,0),(7798,1,1,43,0),(7799,1,1,44,0),(7800,1,1,45,0),(7801,1,1,46,0),(7802,1,1,47,0),(7803,1,1,48,0),(7804,1,1,49,0),(7805,1,1,50,0),(7806,1,1,51,0),(7807,1,1,52,0),(7808,1,1,53,0),(7809,1,1,54,0),(7810,1,1,55,0),(7811,1,1,56,0),(7812,1,1,57,0),(7813,1,1,58,0),(7814,1,1,59,0),(7815,1,1,60,0),(7816,1,1,61,0),(7817,1,1,62,0),(7818,1,1,63,0),(7819,1,1,64,0),(7820,1,1,65,0),(7821,1,1,66,0),(7822,1,1,67,0),(7823,1,1,68,0),(7824,1,1,69,0),(7825,1,1,70,0),(7826,1,1,71,0),(7827,1,1,72,0),(7828,1,1,73,0),(7829,1,1,74,0),(7830,1,1,75,0),(7831,1,1,76,0),(7832,1,1,77,0),(7833,1,1,78,0),(7834,1,1,79,0),(7835,1,1,80,0),(7836,1,1,81,0),(7837,1,1,82,0),(7838,1,1,83,0),(7839,1,1,84,0),(7840,1,1,85,0),(7841,1,1,86,0),(7842,1,1,87,0),(7843,1,1,88,0),(7844,1,1,89,0),(7845,1,1,90,0),(7846,1,1,91,0),(7847,1,1,92,0),(7848,1,1,93,0),(7849,1,1,94,0),(7850,1,1,95,0),(7851,1,1,96,0),(7852,1,1,97,0),(7853,1,1,98,0),(7854,1,1,99,0),(7855,1,1,100,0),(7856,1,1,101,0),(7857,1,1,102,0),(7858,1,1,103,0),(7859,1,1,104,0),(7860,1,1,105,0),(7861,1,1,106,0),(7862,1,1,107,0),(7863,1,1,108,0),(7864,1,1,109,0),(7865,1,1,110,0),(7866,1,1,111,0),(7867,1,1,112,0),(7868,1,1,113,0),(7869,1,1,114,0),(7870,1,1,115,0),(7871,1,1,116,0),(7872,1,1,117,0),(7873,1,1,118,0),(7874,1,1,119,0),(7875,1,1,120,0),(7876,1,1,121,0),(7877,1,1,122,0),(7878,1,1,123,0),(7879,1,1,124,0),(7880,1,1,125,0),(7881,1,1,126,0),(7882,1,1,127,0),(7883,1,1,128,0),(7884,1,1,129,0),(7885,1,1,130,0),(7886,1,1,131,0),(7887,1,1,132,0),(7888,1,1,133,0),(7889,1,1,134,0),(7890,1,1,135,0),(7891,1,1,136,0),(7892,1,1,137,0),(7893,1,1,138,0),(7894,1,1,139,0),(7895,1,1,140,0),(7896,1,1,141,0),(7897,1,1,142,0),(7898,1,1,143,0),(7899,1,1,144,0),(7900,1,1,145,0),(7901,1,1,146,0),(7902,1,1,147,0),(7903,1,1,148,0),(7904,1,1,149,0),(7905,1,1,150,0),(7906,1,1,151,0),(7907,1,1,152,0),(7908,1,1,153,0),(7909,1,1,154,0),(7910,1,1,155,0),(7911,1,1,156,0),(7912,1,1,157,0),(7913,1,1,158,0),(7914,1,1,159,0),(7915,1,1,160,0),(7916,1,1,161,0),(7917,1,1,162,0),(7918,1,1,163,0),(7919,1,1,164,0),(7920,1,1,165,0),(7921,1,1,166,0),(7922,1,1,167,0),(7923,1,1,168,0),(7924,1,1,169,0),(7925,1,1,170,0),(7926,1,1,171,0),(7927,1,1,172,0),(7928,1,1,173,0),(7929,1,1,174,0),(7930,1,1,175,0),(7931,1,1,176,0),(7932,1,1,177,0),(7933,1,1,178,0),(7934,1,1,179,0),(7935,1,1,180,0),(7936,1,1,181,0),(7937,1,1,182,0),(7938,1,1,183,0),(7939,1,1,184,0),(7940,1,1,185,0),(7941,1,1,186,0),(7942,1,1,187,0),(7943,1,1,188,0),(7944,1,1,189,0),(7945,1,1,190,0),(7946,1,1,191,0),(7947,1,1,192,0),(7948,1,1,193,0),(7949,1,1,194,0),(7950,1,1,195,0),(7951,1,1,196,0),(7952,1,1,197,0),(7953,1,1,198,0),(7954,1,1,199,0),(7955,1,1,200,0),(7956,1,1,201,0),(7957,1,1,202,0),(7958,1,1,203,0),(7959,1,1,204,0),(7960,1,1,205,0),(7961,1,1,206,0),(7962,1,1,207,0),(7963,1,1,208,0),(7964,1,1,209,0),(7965,1,1,210,0),(7966,1,1,211,0),(7967,1,1,212,0),(7968,1,1,213,0),(7969,1,1,214,0),(7970,1,1,215,0),(7971,1,1,216,0),(7972,1,1,217,0),(7973,1,1,218,0),(7974,1,1,219,0),(7975,1,1,220,0),(7976,1,1,221,0),(7977,1,1,222,0),(7978,1,1,223,0),(7979,1,1,224,0),(7980,1,1,225,0),(7981,1,1,226,0),(7982,1,1,227,0),(7983,1,1,228,0),(7984,1,1,229,0),(7985,1,1,230,0),(7986,1,1,231,0),(7987,1,1,232,0),(7988,1,1,233,0),(7989,1,1,234,0),(7990,1,1,235,0),(7991,1,1,236,0),(7992,1,1,237,0),(7993,1,1,238,0),(7994,1,1,239,0),(7995,1,1,240,0),(7996,1,1,241,0),(7997,1,1,242,0),(7998,1,1,243,0),(7999,1,1,244,0),(8000,1,1,245,0),(8001,1,1,246,0),(8002,1,1,247,0),(8003,1,1,248,0),(8004,1,1,249,0),(8005,1,1,250,0),(8006,1,1,251,0),(8007,1,2,1,0),(8008,1,2,2,0),(8009,1,2,3,0),(8010,1,2,5,0),(8011,1,2,6,0),(8012,1,2,7,0),(8013,1,2,8,0),(8014,1,2,9,6),(8015,1,2,10,0),(8016,1,2,11,0),(8017,1,2,12,0),(8018,1,2,13,0),(8019,1,2,14,0),(8020,1,2,15,0),(8021,1,2,16,0),(8022,1,2,17,0),(8023,1,2,18,0),(8024,1,2,19,0),(8025,1,2,20,0),(8026,1,2,21,0),(8027,1,2,22,0),(8028,1,2,23,0),(8029,1,2,24,0),(8030,1,2,25,0),(8031,1,2,26,0),(8032,1,2,27,0),(8033,1,2,28,0),(8034,1,2,29,0),(8035,1,2,30,0),(8036,1,2,31,0),(8037,1,2,32,0),(8038,1,2,33,0),(8039,1,2,34,0),(8040,1,2,35,0),(8041,1,2,36,0),(8042,1,2,37,0),(8043,1,2,38,0),(8044,1,2,39,0),(8045,1,2,40,0),(8046,1,2,41,0),(8047,1,2,42,0),(8048,1,2,43,0),(8049,1,2,44,0),(8050,1,2,45,0),(8051,1,2,46,0),(8052,1,2,47,0),(8053,1,2,48,0),(8054,1,2,49,0),(8055,1,2,50,0),(8056,1,2,51,0),(8057,1,2,52,0),(8058,1,2,53,0),(8059,1,2,54,0),(8060,1,2,55,0),(8061,1,2,56,0),(8062,1,2,57,0),(8063,1,2,58,0),(8064,1,2,59,0),(8065,1,2,60,0),(8066,1,2,61,0),(8067,1,2,62,0),(8068,1,2,63,0),(8069,1,2,64,0),(8070,1,2,65,0),(8071,1,2,66,0),(8072,1,2,67,0),(8073,1,2,68,0),(8074,1,2,69,0),(8075,1,2,70,0),(8076,1,2,71,0),(8077,1,2,72,0),(8078,1,2,73,0),(8079,1,2,74,0),(8080,1,2,75,0),(8081,1,2,76,0),(8082,1,2,77,0),(8083,1,2,78,0),(8084,1,2,79,0),(8085,1,2,80,0),(8086,1,2,81,0),(8087,1,2,82,0),(8088,1,2,83,0),(8089,1,2,84,0),(8090,1,2,85,0),(8091,1,2,86,0),(8092,1,2,87,0),(8093,1,2,88,0),(8094,1,2,89,0),(8095,1,2,90,0),(8096,1,2,91,0),(8097,1,2,92,0),(8098,1,2,93,0),(8099,1,2,94,0),(8100,1,2,95,0),(8101,1,2,96,0),(8102,1,2,97,0),(8103,1,2,98,0),(8104,1,2,99,0),(8105,1,2,100,0),(8106,1,2,101,0),(8107,1,2,102,0),(8108,1,2,103,0),(8109,1,2,104,0),(8110,1,2,105,0),(8111,1,2,106,0),(8112,1,2,107,0),(8113,1,2,108,0),(8114,1,2,109,0),(8115,1,2,110,0),(8116,1,2,111,0),(8117,1,2,112,0),(8118,1,2,113,0),(8119,1,2,114,0),(8120,1,2,115,0),(8121,1,2,116,0),(8122,1,2,117,0),(8123,1,2,118,0),(8124,1,2,119,0),(8125,1,2,120,0),(8126,1,2,121,0),(8127,1,2,122,0),(8128,1,2,123,0),(8129,1,2,124,0),(8130,1,2,125,0),(8131,1,2,126,0),(8132,1,2,127,0),(8133,1,2,128,0),(8134,1,2,129,0),(8135,1,2,130,0),(8136,1,2,131,0),(8137,1,2,132,0),(8138,1,2,133,0),(8139,1,2,134,0),(8140,1,2,135,0),(8141,1,2,136,0),(8142,1,2,137,0),(8143,1,2,138,0),(8144,1,2,139,0),(8145,1,2,140,0),(8146,1,2,141,0),(8147,1,2,142,0),(8148,1,2,143,0),(8149,1,2,144,0),(8150,1,2,145,0),(8151,1,2,146,0),(8152,1,2,147,0),(8153,1,2,148,0),(8154,1,2,149,0),(8155,1,2,150,0),(8156,1,2,151,0),(8157,1,2,152,0),(8158,1,2,153,0),(8159,1,2,154,0),(8160,1,2,155,0),(8161,1,2,156,0),(8162,1,2,157,0),(8163,1,2,158,0),(8164,1,2,159,0),(8165,1,2,160,0),(8166,1,2,161,0),(8167,1,2,162,0),(8168,1,2,163,0),(8169,1,2,164,0),(8170,1,2,165,0),(8171,1,2,166,0),(8172,1,2,167,0),(8173,1,2,168,0),(8174,1,2,169,0),(8175,1,2,170,0),(8176,1,2,171,0),(8177,1,2,172,0),(8178,1,2,173,0),(8179,1,2,174,0),(8180,1,2,175,0),(8181,1,2,176,0),(8182,1,2,177,0),(8183,1,2,178,0),(8184,1,2,179,0),(8185,1,2,180,0),(8186,1,2,181,0),(8187,1,2,182,0),(8188,1,2,183,0),(8189,1,2,184,0),(8190,1,2,185,0),(8191,1,2,186,0),(8192,1,2,187,0),(8193,1,2,188,0),(8194,1,2,189,0),(8195,1,2,190,0),(8196,1,2,191,0),(8197,1,2,192,0),(8198,1,2,193,0),(8199,1,2,194,0),(8200,1,2,195,0),(8201,1,2,196,0),(8202,1,2,197,0),(8203,1,2,198,0),(8204,1,2,199,0),(8205,1,2,200,0),(8206,1,2,201,0),(8207,1,2,202,0),(8208,1,2,203,0),(8209,1,2,204,0),(8210,1,2,205,0),(8211,1,2,206,0),(8212,1,2,207,0),(8213,1,2,208,0),(8214,1,2,209,0),(8215,1,2,210,0),(8216,1,2,211,0),(8217,1,2,212,0),(8218,1,2,213,0),(8219,1,2,214,0),(8220,1,2,215,0),(8221,1,2,216,0),(8222,1,2,217,0),(8223,1,2,218,0),(8224,1,2,219,0),(8225,1,2,220,0),(8226,1,2,221,0),(8227,1,2,222,0),(8228,1,2,223,0),(8229,1,2,224,0),(8230,1,2,225,0),(8231,1,2,226,0),(8232,1,2,227,0),(8233,1,2,228,0),(8234,1,2,229,0),(8235,1,2,230,0),(8236,1,2,231,0),(8237,1,2,232,0),(8238,1,2,233,0),(8239,1,2,234,0),(8240,1,2,235,0),(8241,1,2,236,0),(8242,1,2,237,0),(8243,1,2,238,0),(8244,1,2,239,0),(8245,1,2,240,0),(8246,1,2,241,0),(8247,1,2,242,0),(8248,1,2,243,0),(8249,1,2,244,0),(8250,1,2,245,0),(8251,1,2,246,0),(8252,1,2,247,0),(8253,1,2,248,0),(8254,1,2,249,0),(8255,1,2,250,0),(8256,1,2,251,0),(8257,1,5,0,0),(8258,1,5,1,0),(8259,1,5,2,0),(8260,1,5,3,0),(8261,1,5,4,0),(8262,1,5,5,0),(8263,1,5,6,3),(8264,1,5,7,0),(8265,1,5,8,0),(8266,1,5,9,0),(8267,1,5,10,0),(8268,1,5,11,0),(8269,1,5,12,0),(8270,1,5,13,0),(8271,1,5,14,0),(8272,1,5,15,0),(8273,1,5,16,0),(8274,1,5,17,0),(8275,1,5,18,0),(8276,1,5,19,0),(8277,1,5,20,0),(8278,1,5,21,0),(8279,1,5,22,0),(8280,1,5,23,0),(8281,1,5,24,0),(8282,1,5,25,0),(8283,1,5,26,0),(8284,1,5,27,0),(8285,1,5,28,0),(8286,1,5,29,0),(8287,1,5,30,0),(8288,1,5,31,0),(8289,1,5,32,0),(8290,1,5,33,0),(8291,1,5,34,0),(8292,1,5,35,0),(8293,1,5,36,0),(8294,1,5,37,0),(8295,1,5,38,0),(8296,1,5,39,0),(8297,1,5,40,0),(8298,1,5,41,0),(8299,1,5,42,0),(8300,1,5,43,0),(8301,1,5,44,0),(8302,1,5,45,0),(8303,1,5,46,0),(8304,1,5,47,0),(8305,1,5,48,0),(8306,1,5,49,0),(8307,1,5,50,0),(8308,1,5,51,0),(8309,1,5,52,0),(8310,1,5,53,0),(8311,1,5,54,0),(8312,1,5,55,0),(8313,1,5,56,0),(8314,1,5,57,0),(8315,1,5,58,0),(8316,1,5,59,0),(8317,1,5,60,0),(8318,1,5,61,0),(8319,1,5,62,0),(8320,1,5,63,0),(8321,1,5,64,0),(8322,1,5,65,0),(8323,1,5,66,0),(8324,1,5,67,0),(8325,1,5,68,0),(8326,1,5,69,0),(8327,1,5,70,0),(8328,1,5,71,0),(8329,1,5,72,0),(8330,1,5,73,0),(8331,1,5,74,0),(8332,1,5,75,0),(8333,1,5,76,0),(8334,1,5,77,0),(8335,1,5,78,0),(8336,1,5,79,0),(8337,1,5,80,0),(8338,1,5,81,0),(8339,1,5,82,0),(8340,1,5,83,0),(8341,1,5,84,0),(8342,1,5,85,0),(8343,1,5,86,0),(8344,1,5,87,0),(8345,1,5,88,0),(8346,1,5,89,0),(8347,1,5,90,0),(8348,1,5,91,0),(8349,1,5,92,0),(8350,1,5,93,0),(8351,1,5,94,0),(8352,1,5,95,0),(8353,1,5,96,0),(8354,1,5,97,0),(8355,1,5,98,0),(8356,1,5,99,0),(8357,1,5,100,0),(8358,1,5,101,0),(8359,1,5,102,0),(8360,1,5,103,0),(8361,1,5,104,0),(8362,1,5,105,0),(8363,1,5,106,0),(8364,1,5,107,0),(8365,1,5,108,0),(8366,1,5,109,0),(8367,1,5,110,0),(8368,1,5,111,0),(8369,1,5,112,0),(8370,1,5,113,0),(8371,1,5,114,0),(8372,1,5,115,0),(8373,1,5,116,0),(8374,1,5,117,0),(8375,1,5,118,0),(8376,1,5,119,0),(8377,1,5,120,0),(8378,1,5,121,0),(8379,1,5,122,0),(8380,1,5,123,0),(8381,1,5,124,0),(8382,1,5,125,0),(8383,1,5,126,0),(8384,1,5,127,0),(8385,1,5,128,0),(8386,1,5,129,0),(8387,1,5,130,0),(8388,1,5,131,0),(8389,1,5,132,0),(8390,1,5,133,0),(8391,1,5,134,0),(8392,1,5,135,0),(8393,1,5,136,0),(8394,1,5,137,0),(8395,1,5,138,0),(8396,1,5,139,0),(8397,1,5,140,0),(8398,1,5,141,0),(8399,1,5,142,0),(8400,1,5,143,0),(8401,1,5,144,0),(8402,1,5,145,0),(8403,1,5,146,0),(8404,1,5,147,0),(8405,1,5,148,0),(8406,1,5,149,0),(8407,1,5,150,0),(8408,1,5,151,0),(8409,1,5,152,0),(8410,1,5,153,0),(8411,1,5,154,0),(8412,1,5,155,0),(8413,1,5,156,0),(8414,1,5,157,0),(8415,1,5,158,0),(8416,1,5,159,0),(8417,1,5,160,0),(8418,1,5,161,0),(8419,1,5,162,0),(8420,1,5,163,0),(8421,1,5,164,0),(8422,1,5,165,0),(8423,1,5,166,0),(8424,1,5,167,0),(8425,1,5,168,0),(8426,1,5,169,0),(8427,1,5,170,0),(8428,1,5,171,0),(8429,1,5,172,0),(8430,1,5,173,0),(8431,1,5,174,0),(8432,1,5,175,0),(8433,1,5,176,0),(8434,1,5,177,0),(8435,1,5,178,0),(8436,1,5,179,0),(8437,1,5,180,0),(8438,1,5,181,0),(8439,1,5,182,0),(8440,1,5,183,0),(8441,1,5,184,0),(8442,1,5,185,0),(8443,1,5,186,0),(8444,1,5,187,0),(8445,1,5,188,0),(8446,1,5,189,0),(8447,1,5,190,0),(8448,1,5,191,0),(8449,1,5,192,0),(8450,1,5,193,0),(8451,1,5,194,0),(8452,1,5,195,0),(8453,1,5,196,0),(8454,1,5,197,0),(8455,1,5,198,0),(8456,1,5,199,0),(8457,1,5,200,0),(8458,1,5,201,0),(8459,1,5,202,0),(8460,1,5,203,0),(8461,1,5,204,0),(8462,1,5,205,0),(8463,1,5,206,0),(8464,1,5,207,0),(8465,1,5,208,0),(8466,1,5,209,0),(8467,1,5,210,0),(8468,1,5,211,0),(8469,1,5,212,0),(8470,1,5,213,0),(8471,1,5,214,0),(8472,1,5,215,0),(8473,1,5,216,0),(8474,1,5,217,0),(8475,1,5,218,0),(8476,1,5,219,0),(8477,1,5,220,0),(8478,1,5,221,0),(8479,1,5,222,0),(8480,1,5,223,0),(8481,1,5,224,0),(8482,1,5,225,0),(8483,1,5,226,0),(8484,1,5,227,0),(8485,1,5,228,0),(8486,1,5,229,0),(8487,1,5,230,0),(8488,1,5,231,0),(8489,1,5,232,0),(8490,1,5,233,0),(8491,1,5,234,0),(8492,1,5,235,0),(8493,1,5,236,0),(8494,1,5,237,0),(8495,1,5,238,0),(8496,1,5,239,0),(8497,1,5,240,0),(8498,1,5,241,0),(8499,1,5,242,0),(8500,1,5,243,0),(8501,1,5,244,0),(8502,1,5,245,0),(8503,1,5,246,0),(8504,1,5,247,0),(8505,1,5,248,0),(8506,1,5,249,0),(8507,1,5,250,0),(8508,1,5,251,0);
/*!40000 ALTER TABLE `effort` ENABLE KEYS */;
UNLOCK TABLES;

--
-- Table structure for table `epic`
--

DROP TABLE IF EXISTS `epic`;
/*!40101 SET @saved_cs_client     = @@character_set_client */;
/*!40101 SET character_set_client = utf8 */;
CREATE TABLE `epic` (
  `id` int(11) NOT NULL AUTO_INCREMENT,
  `systemid` int(11) DEFAULT NULL,
  `title` varchar(45) DEFAULT NULL,
  `description` longtext,
  `deadline` date DEFAULT NULL,
  `notes` longtext,
  `icon` varchar(45) DEFAULT NULL,
  PRIMARY KEY (`id`)
) ENGINE=InnoDB AUTO_INCREMENT=4 DEFAULT CHARSET=utf8mb4;
/*!40101 SET character_set_client = @saved_cs_client */;

--
-- Dumping data for table `epic`
--

LOCK TABLES `epic` WRITE;
/*!40000 ALTER TABLE `epic` DISABLE KEYS */;
INSERT INTO `epic` VALUES (1,1,'EMA','Create bridge between Moode and SITS','2018-09-01','Due Dates, Feedback dates, grades','check'),(2,1,'Module Guides','Automate online Module guides','2018-08-01','Vaildate and other details','book'),(3,2,'new Mahara theme','create a new theme to bring Mahara into line with Moodle and UoG branding','2018-07-01','','paintbrush');
/*!40000 ALTER TABLE `epic` ENABLE KEYS */;
UNLOCK TABLES;

--
-- Table structure for table `system`
--

DROP TABLE IF EXISTS `system`;
/*!40101 SET @saved_cs_client     = @@character_set_client */;
/*!40101 SET character_set_client = utf8 */;
CREATE TABLE `system` (
  `id` int(11) NOT NULL AUTO_INCREMENT,
  `system` varchar(45) DEFAULT NULL,
  `productowner` varchar(45) DEFAULT NULL,
  `customercontact` varchar(45) DEFAULT NULL,
  PRIMARY KEY (`id`)
) ENGINE=InnoDB AUTO_INCREMENT=10 DEFAULT CHARSET=utf8mb4;
/*!40101 SET character_set_client = @saved_cs_client */;

--
-- Dumping data for table `system`
--

LOCK TABLES `system` WRITE;
/*!40000 ALTER TABLE `system` DISABLE KEYS */;
INSERT INTO `system` VALUES (1,'Moodle','Richard Oelmann','ADU'),(2,'\n                                Mahara      ','Richard Oelmann','ADU'),(3,'Data Warehouse','Alex Stennett','Various'),(4,'Planet eStream','Richard Oelmann','\n                                ADU         '),(5,'SITS','SITS 7','\n                                Various     '),(6,'Agresso','\n                                HR/Fin 7',''),(7,'HR','HR/Fin 7',''),(8,'OS','Corina Payne',''),(9,'OCLC/Worldshare','Richard Oelmann','');
/*!40000 ALTER TABLE `system` ENABLE KEYS */;
UNLOCK TABLES;

--
-- Table structure for table `task`
--

DROP TABLE IF EXISTS `task`;
/*!40101 SET @saved_cs_client     = @@character_set_client */;
/*!40101 SET character_set_client = utf8 */;
CREATE TABLE `task` (
  `id` int(11) NOT NULL AUTO_INCREMENT,
  `type` enum('UserStory','Task','SubTask') DEFAULT NULL,
  `epicid` int(11) DEFAULT NULL,
  `title` varchar(45) DEFAULT NULL,
  `completion` enum('ToDo','InDev','InDevTest','InUserTest','Released') DEFAULT NULL,
  `description` longtext,
  `deadline` date DEFAULT NULL,
  `parent` int(11) DEFAULT NULL,
  `notes` longtext,
  `MoSCoW` int(11) DEFAULT NULL,
  `Releasability` int(11) DEFAULT NULL,
  `Risk` int(11) DEFAULT NULL,
  `DependenciesUpstream` int(11) DEFAULT NULL,
  `DependenciesDownstream` int(11) DEFAULT NULL,
  `businessvalue` int(11) DEFAULT NULL,
  PRIMARY KEY (`id`)
) ENGINE=InnoDB AUTO_INCREMENT=2 DEFAULT CHARSET=utf8mb4;
/*!40101 SET character_set_client = @saved_cs_client */;

--
-- Dumping data for table `task`
--

LOCK TABLES `task` WRITE;
/*!40000 ALTER TABLE `task` DISABLE KEYS */;
INSERT INTO `task` VALUES (1,'UserStory',1,'Pass Due Date to extDb',NULL,'Include in local app to write due dates out to external database<br>And investigate migrating to webservices','2018-07-01',0,NULL,21,21,1,1,3,NULL);
/*!40000 ALTER TABLE `task` ENABLE KEYS */;
UNLOCK TABLES;

--
-- Table structure for table `velocity`
--

DROP TABLE IF EXISTS `velocity`;
/*!40101 SET @saved_cs_client     = @@character_set_client */;
/*!40101 SET character_set_client = utf8 */;
CREATE TABLE `velocity` (
  `id` int(11) NOT NULL AUTO_INCREMENT,
  `developerid` int(11) DEFAULT NULL,
  `weekid` int(11) DEFAULT NULL,
  `plannedvelocity` int(11) DEFAULT NULL,
  PRIMARY KEY (`id`)
) ENGINE=InnoDB AUTO_INCREMENT=4655 DEFAULT CHARSET=utf8mb4;
/*!40101 SET character_set_client = @saved_cs_client */;

--
-- Dumping data for table `velocity`
--

LOCK TABLES `velocity` WRITE;
/*!40000 ALTER TABLE `velocity` DISABLE KEYS */;
INSERT INTO `velocity` VALUES (1,1,3,20),(2,2,1,0),(3,2,2,0),(4,2,3,0),(5,2,4,0),(6,2,5,0),(7,2,6,0),(8,2,7,0),(9,2,8,0),(10,2,9,0),(11,2,10,0),(12,2,11,0),(13,2,12,0),(14,2,13,0),(15,2,14,0),(16,2,15,0),(17,2,16,0),(18,2,17,0),(19,2,18,0),(20,2,19,0),(21,2,20,0),(22,2,21,0),(23,2,22,0),(24,2,23,0),(25,2,24,0),(26,2,25,0),(27,2,26,0),(28,2,27,0),(29,2,28,0),(30,2,29,0),(31,2,30,0),(32,2,31,0),(33,2,32,0),(34,2,33,0),(35,2,34,0),(36,2,35,0),(37,2,36,0),(38,2,37,0),(39,2,38,0),(40,2,39,0),(41,2,40,0),(42,2,41,0),(43,2,42,0),(44,2,43,0),(45,2,44,0),(46,2,45,0),(47,2,46,0),(48,2,47,0),(49,2,48,0),(50,2,49,0),(51,2,50,0),(52,2,51,0),(53,2,52,0),(54,2,53,0),(55,2,54,0),(56,2,55,0),(57,2,56,0),(58,2,57,0),(59,2,58,0),(60,2,59,0),(61,2,60,0),(62,2,61,0),(63,2,62,0),(64,2,63,0),(65,2,64,0),(66,2,65,0),(67,2,66,0),(68,2,67,0),(69,2,68,0),(70,2,69,0),(71,2,70,0),(72,2,71,0),(73,2,72,0),(74,2,73,0),(75,2,74,0),(76,2,75,0),(77,2,76,0),(78,2,77,0),(79,2,78,0),(80,2,79,0),(81,2,80,0),(82,2,81,0),(83,2,82,0),(84,2,83,0),(85,2,84,0),(86,2,85,0),(87,2,86,0),(88,2,87,0),(89,2,88,0),(90,2,89,0),(91,2,90,0),(92,2,91,0),(93,2,92,0),(94,2,93,0),(95,2,94,0),(96,2,95,0),(97,2,96,0),(98,2,97,0),(99,2,98,0),(100,2,99,0),(101,2,100,0),(102,2,101,0),(103,2,102,0),(104,2,103,0),(105,2,104,0),(106,2,105,0),(107,2,106,0),(108,2,107,0),(109,2,108,0),(110,2,109,0),(111,2,110,0),(112,2,111,0),(113,2,112,0),(114,2,113,0),(115,2,114,0),(116,2,115,0),(117,2,116,0),(118,2,117,0),(119,2,118,0),(120,2,119,0),(121,2,120,0),(122,2,121,0),(123,2,122,0),(124,2,123,0),(125,2,124,0),(126,2,125,0),(127,2,126,0),(128,2,127,0),(129,2,128,0),(130,2,129,0),(131,2,130,0),(132,2,131,0),(133,2,132,0),(134,2,133,0),(135,2,134,0),(136,2,135,0),(137,2,136,0),(138,2,137,0),(139,2,138,0),(140,2,139,0),(141,2,140,0),(142,2,141,0),(143,2,142,0),(144,2,143,0),(145,2,144,0),(146,2,145,0),(147,2,146,0),(148,2,147,0),(149,2,148,0),(150,2,149,0),(151,2,150,0),(152,2,151,0),(153,2,152,0),(154,2,153,0),(155,2,154,0),(156,2,155,0),(157,2,156,0),(158,2,157,0),(159,2,158,0),(160,2,159,0),(161,2,160,0),(162,2,161,0),(163,2,162,0),(164,2,163,0),(165,2,164,0),(166,2,165,0),(167,2,166,0),(168,2,167,0),(169,2,168,0),(170,2,169,0),(171,2,170,0),(172,2,171,0),(173,2,172,0),(174,2,173,0),(175,2,174,0),(176,2,175,0),(177,2,176,0),(178,2,177,0),(179,2,178,0),(180,2,179,0),(181,2,180,0),(182,2,181,0),(183,2,182,0),(184,2,183,0),(185,2,184,0),(186,2,185,0),(187,2,186,0),(188,2,187,0),(189,2,188,0),(190,2,189,0),(191,2,190,0),(192,2,191,0),(193,2,192,0),(194,2,193,0),(195,2,194,0),(196,2,195,0),(197,2,196,0),(198,2,197,0),(199,2,198,0),(200,2,199,0),(201,2,200,0),(202,2,201,0),(203,2,202,0),(204,2,203,0),(205,2,204,0),(206,2,205,0),(207,2,206,0),(208,2,207,0),(209,2,208,0),(210,2,209,0),(211,2,210,0),(212,2,211,0),(213,2,212,0),(214,2,213,0),(215,2,214,0),(216,2,215,0),(217,2,216,0),(218,2,217,0),(219,2,218,0),(220,2,219,0),(221,2,220,0),(222,2,221,0),(223,2,222,0),(224,2,223,0),(225,2,224,0),(226,2,225,0),(227,2,226,0),(228,2,227,0),(229,2,228,0),(230,2,229,0),(231,2,230,0),(232,2,231,0),(233,2,232,0),(234,2,233,0),(235,2,234,0),(236,2,235,0),(237,2,236,0),(238,2,237,0),(239,2,238,0),(240,2,239,0),(241,2,240,0),(242,2,241,0),(243,2,242,0),(244,2,243,0),(245,2,244,0),(246,2,245,0),(247,2,246,0),(248,2,247,0),(249,2,248,0),(250,2,249,0),(251,2,250,0),(252,2,251,0),(253,1,1,10),(254,1,2,20),(255,1,4,20),(256,1,5,20),(257,1,6,20),(258,1,7,20),(259,1,8,20),(260,1,9,20),(261,1,10,20),(262,1,11,20),(263,1,12,20),(264,1,13,5),(265,1,14,0),(266,1,15,0),(267,1,16,0),(268,1,17,0),(269,1,18,0),(270,1,19,0),(271,1,20,0),(272,1,21,0),(273,1,22,0),(274,1,23,0),(275,1,24,0),(276,1,25,0),(277,1,26,0),(278,1,27,0),(279,1,28,0),(280,1,29,0),(281,1,30,0),(282,1,31,0),(283,1,32,0),(284,1,33,0),(285,1,34,0),(286,1,35,0),(287,1,36,0),(288,1,37,0),(289,1,38,0),(290,1,39,0),(291,1,40,0),(292,1,41,0),(293,1,42,0),(294,1,43,0),(295,1,44,0),(296,1,45,0),(297,1,46,0),(298,1,47,0),(299,1,48,0),(300,1,49,0),(301,1,50,0),(302,1,51,0),(303,1,52,0),(304,1,53,0),(305,1,54,0),(306,1,55,0),(307,1,56,0),(308,1,57,0),(309,1,58,0),(310,1,59,0),(311,1,60,0),(312,1,61,0),(313,1,62,0),(314,1,63,0),(315,1,64,0),(316,1,65,0),(317,1,66,0),(318,1,67,0),(319,1,68,0),(320,1,69,0),(321,1,70,0),(322,1,71,0),(323,1,72,0),(324,1,73,0),(325,1,74,0),(326,1,75,0),(327,1,76,0),(328,1,77,0),(329,1,78,0),(330,1,79,0),(331,1,80,0),(332,1,81,0),(333,1,82,0),(334,1,83,0),(335,1,84,0),(336,1,85,0),(337,1,86,0),(338,1,87,0),(339,1,88,0),(340,1,89,0),(341,1,90,0),(342,1,91,0),(343,1,92,0),(344,1,93,0),(345,1,94,0),(346,1,95,0),(347,1,96,0),(348,1,97,0),(349,1,98,0),(350,1,99,0),(351,1,100,0),(352,1,101,0),(353,1,102,0),(354,1,103,0),(355,1,104,0),(356,1,105,0),(357,1,106,0),(358,1,107,0),(359,1,108,0),(360,1,109,0),(361,1,110,0),(362,1,111,0),(363,1,112,0),(364,1,113,0),(365,1,114,0),(366,1,115,0),(367,1,116,0),(368,1,117,0),(369,1,118,0),(370,1,119,0),(371,1,120,0),(372,1,121,0),(373,1,122,0),(374,1,123,0),(375,1,124,0),(376,1,125,0),(377,1,126,0),(378,1,127,0),(379,1,128,0),(380,1,129,0),(381,1,130,0),(382,1,131,0),(383,1,132,0),(384,1,133,0),(385,1,134,0),(386,1,135,0),(387,1,136,0),(388,1,137,0),(389,1,138,0),(390,1,139,0),(391,1,140,0),(392,1,141,0),(393,1,142,0),(394,1,143,0),(395,1,144,0),(396,1,145,0),(397,1,146,0),(398,1,147,0),(399,1,148,0),(400,1,149,0),(401,1,150,0),(402,1,151,0),(403,1,152,0),(404,1,153,0),(405,1,154,0),(406,1,155,0),(407,1,156,0),(408,1,157,0),(409,1,158,0),(410,1,159,0),(411,1,160,0),(412,1,161,0),(413,1,162,0),(414,1,163,0),(415,1,164,0),(416,1,165,0),(417,1,166,0),(418,1,167,0),(419,1,168,0),(420,1,169,0),(421,1,170,0),(422,1,171,0),(423,1,172,0),(424,1,173,0),(425,1,174,0),(426,1,175,0),(427,1,176,0),(428,1,177,0),(429,1,178,0),(430,1,179,0),(431,1,180,0),(432,1,181,0),(433,1,182,0),(434,1,183,0),(435,1,184,0),(436,1,185,0),(437,1,186,0),(438,1,187,0),(439,1,188,0),(440,1,189,0),(441,1,190,0),(442,1,191,0),(443,1,192,0),(444,1,193,0),(445,1,194,0),(446,1,195,0),(447,1,196,0),(448,1,197,0),(449,1,198,0),(450,1,199,0),(451,1,200,0),(452,1,201,0),(453,1,202,0),(454,1,203,0),(455,1,204,0),(456,1,205,0),(457,1,206,0),(458,1,207,0),(459,1,208,0),(460,1,209,0),(461,1,210,0),(462,1,211,0),(463,1,212,0),(464,1,213,0),(465,1,214,0),(466,1,215,0),(467,1,216,0),(468,1,217,0),(469,1,218,0),(470,1,219,0),(471,1,220,0),(472,1,221,0),(473,1,222,0),(474,1,223,0),(475,1,224,0),(476,1,225,0),(477,1,226,0),(478,1,227,0),(479,1,228,0),(480,1,229,0),(481,1,230,0),(482,1,231,0),(483,1,232,0),(484,1,233,0),(485,1,234,0),(486,1,235,0),(487,1,236,0),(488,1,237,0),(489,1,238,0),(490,1,239,0),(491,1,240,0),(492,1,241,0),(493,1,242,0),(494,1,243,0),(495,1,244,0),(496,1,245,0),(497,1,246,0),(498,1,247,0),(499,1,248,0),(500,1,249,0),(501,1,250,0),(502,1,251,0),(503,5,1,0),(504,5,2,0),(505,5,3,0),(506,5,4,0),(507,5,5,0),(508,5,6,0),(509,5,7,0),(510,5,8,0),(511,5,9,0),(512,5,10,0),(513,5,11,0),(514,5,12,0),(515,5,13,0),(516,5,14,0),(517,5,15,0),(518,5,16,0),(519,5,17,0),(520,5,18,0),(521,5,19,0),(522,5,20,0),(523,5,21,0),(524,5,22,0),(525,5,23,0),(526,5,24,0),(527,5,25,0),(528,5,26,0),(529,5,27,0),(530,5,28,0),(531,5,29,0),(532,5,30,0),(533,5,31,0),(534,5,32,0),(535,5,33,0),(536,5,34,0),(537,5,35,0),(538,5,36,0),(539,5,37,0),(540,5,38,0),(541,5,39,0),(542,5,40,0),(543,5,41,0),(544,5,42,0),(545,5,43,0),(546,5,44,0),(547,5,45,0),(548,5,46,0),(549,5,47,0),(550,5,48,0),(551,5,49,0),(552,5,50,0),(553,5,51,0),(554,5,52,0),(555,5,53,0),(556,5,54,0),(557,5,55,0),(558,5,56,0),(559,5,57,0),(560,5,58,0),(561,5,59,0),(562,5,60,0),(563,5,61,0),(564,5,62,0),(565,5,63,0),(566,5,64,0),(567,5,65,0),(568,5,66,0),(569,5,67,0),(570,5,68,0),(571,5,69,0),(572,5,70,0),(573,5,71,0),(574,5,72,0),(575,5,73,0),(576,5,74,0),(577,5,75,0),(578,5,76,0),(579,5,77,0),(580,5,78,0),(581,5,79,0),(582,5,80,0),(583,5,81,0),(584,5,82,0),(585,5,83,0),(586,5,84,0),(587,5,85,0),(588,5,86,0),(589,5,87,0),(590,5,88,0),(591,5,89,0),(592,5,90,0),(593,5,91,0),(594,5,92,0),(595,5,93,0),(596,5,94,0),(597,5,95,0),(598,5,96,0),(599,5,97,0),(600,5,98,0),(601,5,99,0),(602,5,100,0),(603,5,101,0),(604,5,102,0),(605,5,103,0),(606,5,104,0),(607,5,105,0),(608,5,106,0),(609,5,107,0),(610,5,108,0),(611,5,109,0),(612,5,110,0),(613,5,111,0),(614,5,112,0),(615,5,113,0),(616,5,114,0),(617,5,115,0),(618,5,116,0),(619,5,117,0),(620,5,118,0),(621,5,119,0),(622,5,120,0),(623,5,121,0),(624,5,122,0),(625,5,123,0),(626,5,124,0),(627,5,125,0),(628,5,126,0),(629,5,127,0),(630,5,128,0),(631,5,129,0),(632,5,130,0),(633,5,131,0),(634,5,132,0),(635,5,133,0),(636,5,134,0),(637,5,135,0),(638,5,136,0),(639,5,137,0),(640,5,138,0),(641,5,139,0),(642,5,140,0),(643,5,141,0),(644,5,142,0),(645,5,143,0),(646,5,144,0),(647,5,145,0),(648,5,146,0),(649,5,147,0),(650,5,148,0),(651,5,149,0),(652,5,150,0),(653,5,151,0),(654,5,152,0),(655,5,153,0),(656,5,154,0),(657,5,155,0),(658,5,156,0),(659,5,157,0),(660,5,158,0),(661,5,159,0),(662,5,160,0),(663,5,161,0),(664,5,162,0),(665,5,163,0),(666,5,164,0),(667,5,165,0),(668,5,166,0),(669,5,167,0),(670,5,168,0),(671,5,169,0),(672,5,170,0),(673,5,171,0),(674,5,172,0),(675,5,173,0),(676,5,174,0),(677,5,175,0),(678,5,176,0),(679,5,177,0),(680,5,178,0),(681,5,179,0),(682,5,180,0),(683,5,181,0),(684,5,182,0),(685,5,183,0),(686,5,184,0),(687,5,185,0),(688,5,186,0),(689,5,187,0),(690,5,188,0),(691,5,189,0),(692,5,190,0),(693,5,191,0),(694,5,192,0),(695,5,193,0),(696,5,194,0),(697,5,195,0),(698,5,196,0),(699,5,197,0),(700,5,198,0),(701,5,199,0),(702,5,200,0),(703,5,201,0),(704,5,202,0),(705,5,203,0),(706,5,204,0),(707,5,205,0),(708,5,206,0),(709,5,207,0),(710,5,208,0),(711,5,209,0),(712,5,210,0),(713,5,211,0),(714,5,212,0),(715,5,213,0),(716,5,214,0),(717,5,215,0),(718,5,216,0),(719,5,217,0),(720,5,218,0),(721,5,219,0),(722,5,220,0),(723,5,221,0),(724,5,222,0),(725,5,223,0),(726,5,224,0),(727,5,225,0),(728,5,226,0),(729,5,227,0),(730,5,228,0),(731,5,229,0),(732,5,230,0),(733,5,231,0),(734,5,232,0),(735,5,233,0),(736,5,234,0),(737,5,235,0),(738,5,236,0),(739,5,237,0),(740,5,238,0),(741,5,239,0),(742,5,240,0),(743,5,241,0),(744,5,242,0),(745,5,243,0),(746,5,244,0),(747,5,245,0),(748,5,246,0),(749,5,247,0),(750,5,248,0),(751,5,249,0),(752,5,250,0),(753,5,251,0),(754,16,1,0),(755,16,2,0),(756,16,3,0),(757,16,4,0),(758,16,5,0),(759,16,6,0),(760,16,7,0),(761,16,8,0),(762,16,9,0),(763,16,10,0),(764,16,11,0),(765,16,12,0),(766,16,13,0),(767,16,14,0),(768,16,15,0),(769,16,16,0),(770,16,17,0),(771,16,18,0),(772,16,19,0),(773,16,20,0),(774,16,21,0),(775,16,22,0),(776,16,23,0),(777,16,24,0),(778,16,25,0),(779,16,26,0),(780,16,27,0),(781,16,28,0),(782,16,29,0),(783,16,30,0),(784,16,31,0),(785,16,32,0),(786,16,33,0),(787,16,34,0),(788,16,35,0),(789,16,36,0),(790,16,37,0),(791,16,38,0),(792,16,39,0),(793,16,40,0),(794,16,41,0),(795,16,42,0),(796,16,43,0),(797,16,44,0),(798,16,45,0),(799,16,46,0),(800,16,47,0),(801,16,48,0),(802,16,49,0),(803,16,50,0),(804,16,51,0),(805,16,52,0),(806,16,53,0),(807,16,54,0),(808,16,55,0),(809,16,56,0),(810,16,57,0),(811,16,58,0),(812,16,59,0),(813,16,60,0),(814,16,61,0),(815,16,62,0),(816,16,63,0),(817,16,64,0),(818,16,65,0),(819,16,66,0),(820,16,67,0),(821,16,68,0),(822,16,69,0),(823,16,70,0),(824,16,71,0),(825,16,72,0),(826,16,73,0),(827,16,74,0),(828,16,75,0),(829,16,76,0),(830,16,77,0),(831,16,78,0),(832,16,79,0),(833,16,80,0),(834,16,81,0),(835,16,82,0),(836,16,83,0),(837,16,84,0),(838,16,85,0),(839,16,86,0),(840,16,87,0),(841,16,88,0),(842,16,89,0),(843,16,90,0),(844,16,91,0),(845,16,92,0),(846,16,93,0),(847,16,94,0),(848,16,95,0),(849,16,96,0),(850,16,97,0),(851,16,98,0),(852,16,99,0),(853,16,100,0),(854,16,101,0),(855,16,102,0),(856,16,103,0),(857,16,104,0),(858,16,105,0),(859,16,106,0),(860,16,107,0),(861,16,108,0),(862,16,109,0),(863,16,110,0),(864,16,111,0),(865,16,112,0),(866,16,113,0),(867,16,114,0),(868,16,115,0),(869,16,116,0),(870,16,117,0),(871,16,118,0),(872,16,119,0),(873,16,120,0),(874,16,121,0),(875,16,122,0),(876,16,123,0),(877,16,124,0),(878,16,125,0),(879,16,126,0),(880,16,127,0),(881,16,128,0),(882,16,129,0),(883,16,130,0),(884,16,131,0),(885,16,132,0),(886,16,133,0),(887,16,134,0),(888,16,135,0),(889,16,136,0),(890,16,137,0),(891,16,138,0),(892,16,139,0),(893,16,140,0),(894,16,141,0),(895,16,142,0),(896,16,143,0),(897,16,144,0),(898,16,145,0),(899,16,146,0),(900,16,147,0),(901,16,148,0),(902,16,149,0),(903,16,150,0),(904,16,151,0),(905,16,152,0),(906,16,153,0),(907,16,154,0),(908,16,155,0),(909,16,156,0),(910,16,157,0),(911,16,158,0),(912,16,159,0),(913,16,160,0),(914,16,161,0),(915,16,162,0),(916,16,163,0),(917,16,164,0),(918,16,165,0),(919,16,166,0),(920,16,167,0),(921,16,168,0),(922,16,169,0),(923,16,170,0),(924,16,171,0),(925,16,172,0),(926,16,173,0),(927,16,174,0),(928,16,175,0),(929,16,176,0),(930,16,177,0),(931,16,178,0),(932,16,179,0),(933,16,180,0),(934,16,181,0),(935,16,182,0),(936,16,183,0),(937,16,184,0),(938,16,185,0),(939,16,186,0),(940,16,187,0),(941,16,188,0),(942,16,189,0),(943,16,190,0),(944,16,191,0),(945,16,192,0),(946,16,193,0),(947,16,194,0),(948,16,195,0),(949,16,196,0),(950,16,197,0),(951,16,198,0),(952,16,199,0),(953,16,200,0),(954,16,201,0),(955,16,202,0),(956,16,203,0),(957,16,204,0),(958,16,205,0),(959,16,206,0),(960,16,207,0),(961,16,208,0),(962,16,209,0),(963,16,210,0),(964,16,211,0),(965,16,212,0),(966,16,213,0),(967,16,214,0),(968,16,215,0),(969,16,216,0),(970,16,217,0),(971,16,218,0),(972,16,219,0),(973,16,220,0),(974,16,221,0),(975,16,222,0),(976,16,223,0),(977,16,224,0),(978,16,225,0),(979,16,226,0),(980,16,227,0),(981,16,228,0),(982,16,229,0),(983,16,230,0),(984,16,231,0),(985,16,232,0),(986,16,233,0),(987,16,234,0),(988,16,235,0),(989,16,236,0),(990,16,237,0),(991,16,238,0),(992,16,239,0),(993,16,240,0),(994,16,241,0),(995,16,242,0),(996,16,243,0),(997,16,244,0),(998,16,245,0),(999,16,246,0),(1000,16,247,0),(1001,16,248,0),(1002,16,249,0),(1003,16,250,0),(1004,16,251,0),(1005,21,1,0),(1006,21,2,0),(1007,21,3,0),(1008,21,4,0),(1009,21,5,0),(1010,21,6,0),(1011,21,7,0),(1012,21,8,0),(1013,21,9,0),(1014,21,10,0),(1015,21,11,0),(1016,21,12,0),(1017,21,13,0),(1018,21,14,0),(1019,21,15,0),(1020,21,16,0),(1021,21,17,0),(1022,21,18,0),(1023,21,19,0),(1024,21,20,0),(1025,21,21,0),(1026,21,22,0),(1027,21,23,0),(1028,21,24,0),(1029,21,25,0),(1030,21,26,0),(1031,21,27,0),(1032,21,28,0),(1033,21,29,0),(1034,21,30,0),(1035,21,31,0),(1036,21,32,0),(1037,21,33,0),(1038,21,34,0),(1039,21,35,0),(1040,21,36,0),(1041,21,37,0),(1042,21,38,0),(1043,21,39,0),(1044,21,40,0),(1045,21,41,0),(1046,21,42,0),(1047,21,43,0),(1048,21,44,0),(1049,21,45,0),(1050,21,46,0),(1051,21,47,0),(1052,21,48,0),(1053,21,49,0),(1054,21,50,0),(1055,21,51,0),(1056,21,52,0),(1057,21,53,0),(1058,21,54,0),(1059,21,55,0),(1060,21,56,0),(1061,21,57,0),(1062,21,58,0),(1063,21,59,0),(1064,21,60,0),(1065,21,61,0),(1066,21,62,0),(1067,21,63,0),(1068,21,64,0),(1069,21,65,0),(1070,21,66,0),(1071,21,67,0),(1072,21,68,0),(1073,21,69,0),(1074,21,70,0),(1075,21,71,0),(1076,21,72,0),(1077,21,73,0),(1078,21,74,0),(1079,21,75,0),(1080,21,76,0),(1081,21,77,0),(1082,21,78,0),(1083,21,79,0),(1084,21,80,0),(1085,21,81,0),(1086,21,82,0),(1087,21,83,0),(1088,21,84,0),(1089,21,85,0),(1090,21,86,0),(1091,21,87,0),(1092,21,88,0),(1093,21,89,0),(1094,21,90,0),(1095,21,91,0),(1096,21,92,0),(1097,21,93,0),(1098,21,94,0),(1099,21,95,0),(1100,21,96,0),(1101,21,97,0),(1102,21,98,0),(1103,21,99,0),(1104,21,100,0),(1105,21,101,0),(1106,21,102,0),(1107,21,103,0),(1108,21,104,0),(1109,21,105,0),(1110,21,106,0),(1111,21,107,0),(1112,21,108,0),(1113,21,109,0),(1114,21,110,0),(1115,21,111,0),(1116,21,112,0),(1117,21,113,0),(1118,21,114,0),(1119,21,115,0),(1120,21,116,0),(1121,21,117,0),(1122,21,118,0),(1123,21,119,0),(1124,21,120,0),(1125,21,121,0),(1126,21,122,0),(1127,21,123,0),(1128,21,124,0),(1129,21,125,0),(1130,21,126,0),(1131,21,127,0),(1132,21,128,0),(1133,21,129,0),(1134,21,130,0),(1135,21,131,0),(1136,21,132,0),(1137,21,133,0),(1138,21,134,0),(1139,21,135,0),(1140,21,136,0),(1141,21,137,0),(1142,21,138,0),(1143,21,139,0),(1144,21,140,0),(1145,21,141,0),(1146,21,142,0),(1147,21,143,0),(1148,21,144,0),(1149,21,145,0),(1150,21,146,0),(1151,21,147,0),(1152,21,148,0),(1153,21,149,0),(1154,21,150,0),(1155,21,151,0),(1156,21,152,0),(1157,21,153,0),(1158,21,154,0),(1159,21,155,0),(1160,21,156,0),(1161,21,157,0),(1162,21,158,0),(1163,21,159,0),(1164,21,160,0),(1165,21,161,0),(1166,21,162,0),(1167,21,163,0),(1168,21,164,0),(1169,21,165,0),(1170,21,166,0),(1171,21,167,0),(1172,21,168,0),(1173,21,169,0),(1174,21,170,0),(1175,21,171,0),(1176,21,172,0),(1177,21,173,0),(1178,21,174,0),(1179,21,175,0),(1180,21,176,0),(1181,21,177,0),(1182,21,178,0),(1183,21,179,0),(1184,21,180,0),(1185,21,181,0),(1186,21,182,0),(1187,21,183,0),(1188,21,184,0),(1189,21,185,0),(1190,21,186,0),(1191,21,187,0),(1192,21,188,0),(1193,21,189,0),(1194,21,190,0),(1195,21,191,0),(1196,21,192,0),(1197,21,193,0),(1198,21,194,0),(1199,21,195,0),(1200,21,196,0),(1201,21,197,0),(1202,21,198,0),(1203,21,199,0),(1204,21,200,0),(1205,21,201,0),(1206,21,202,0),(1207,21,203,0),(1208,21,204,0),(1209,21,205,0),(1210,21,206,0),(1211,21,207,0),(1212,21,208,0),(1213,21,209,0),(1214,21,210,0),(1215,21,211,0),(1216,21,212,0),(1217,21,213,0),(1218,21,214,0),(1219,21,215,0),(1220,21,216,0),(1221,21,217,0),(1222,21,218,0),(1223,21,219,0),(1224,21,220,0),(1225,21,221,0),(1226,21,222,0),(1227,21,223,0),(1228,21,224,0),(1229,21,225,0),(1230,21,226,0),(1231,21,227,0),(1232,21,228,0),(1233,21,229,0),(1234,21,230,0),(1235,21,231,0),(1236,21,232,0),(1237,21,233,0),(1238,21,234,0),(1239,21,235,0),(1240,21,236,0),(1241,21,237,0),(1242,21,238,0),(1243,21,239,0),(1244,21,240,0),(1245,21,241,0),(1246,21,242,0),(1247,21,243,0),(1248,21,244,0),(1249,21,245,0),(1250,21,246,0),(1251,21,247,0),(1252,21,248,0),(1253,21,249,0),(1254,21,250,0),(1255,21,251,0),(1256,22,1,0),(1257,22,2,0),(1258,22,3,0),(1259,22,4,0),(1260,22,5,0),(1261,22,6,0),(1262,22,7,0),(1263,22,8,0),(1264,22,9,0),(1265,22,10,0),(1266,22,11,0),(1267,22,12,0),(1268,22,13,0),(1269,22,14,0),(1270,22,15,0),(1271,22,16,0),(1272,22,17,0),(1273,22,18,0),(1274,22,19,0),(1275,22,20,0),(1276,22,21,0),(1277,22,22,0),(1278,22,23,0),(1279,22,24,0),(1280,22,25,0),(1281,22,26,0),(1282,22,27,0),(1283,22,28,0),(1284,22,29,0),(1285,22,30,0),(1286,22,31,0),(1287,22,32,0),(1288,22,33,0),(1289,22,34,0),(1290,22,35,0),(1291,22,36,0),(1292,22,37,0),(1293,22,38,0),(1294,22,39,0),(1295,22,40,0),(1296,22,41,0),(1297,22,42,0),(1298,22,43,0),(1299,22,44,0),(1300,22,45,0),(1301,22,46,0),(1302,22,47,0),(1303,22,48,0),(1304,22,49,0),(1305,22,50,0),(1306,22,51,0),(1307,22,52,0),(1308,22,53,0),(1309,22,54,0),(1310,22,55,0),(1311,22,56,0),(1312,22,57,0),(1313,22,58,0),(1314,22,59,0),(1315,22,60,0),(1316,22,61,0),(1317,22,62,0),(1318,22,63,0),(1319,22,64,0),(1320,22,65,0),(1321,22,66,0),(1322,22,67,0),(1323,22,68,0),(1324,22,69,0),(1325,22,70,0),(1326,22,71,0),(1327,22,72,0),(1328,22,73,0),(1329,22,74,0),(1330,22,75,0),(1331,22,76,0),(1332,22,77,0),(1333,22,78,0),(1334,22,79,0),(1335,22,80,0),(1336,22,81,0),(1337,22,82,0),(1338,22,83,0),(1339,22,84,0),(1340,22,85,0),(1341,22,86,0),(1342,22,87,0),(1343,22,88,0),(1344,22,89,0),(1345,22,90,0),(1346,22,91,0),(1347,22,92,0),(1348,22,93,0),(1349,22,94,0),(1350,22,95,0),(1351,22,96,0),(1352,22,97,0),(1353,22,98,0),(1354,22,99,0),(1355,22,100,0),(1356,22,101,0),(1357,22,102,0),(1358,22,103,0),(1359,22,104,0),(1360,22,105,0),(1361,22,106,0),(1362,22,107,0),(1363,22,108,0),(1364,22,109,0),(1365,22,110,0),(1366,22,111,0),(1367,22,112,0),(1368,22,113,0),(1369,22,114,0),(1370,22,115,0),(1371,22,116,0),(1372,22,117,0),(1373,22,118,0),(1374,22,119,0),(1375,22,120,0),(1376,22,121,0),(1377,22,122,0),(1378,22,123,0),(1379,22,124,0),(1380,22,125,0),(1381,22,126,0),(1382,22,127,0),(1383,22,128,0),(1384,22,129,0),(1385,22,130,0),(1386,22,131,0),(1387,22,132,0),(1388,22,133,0),(1389,22,134,0),(1390,22,135,0),(1391,22,136,0),(1392,22,137,0),(1393,22,138,0),(1394,22,139,0),(1395,22,140,0),(1396,22,141,0),(1397,22,142,0),(1398,22,143,0),(1399,22,144,0),(1400,22,145,0),(1401,22,146,0),(1402,22,147,0),(1403,22,148,0),(1404,22,149,0),(1405,22,150,0),(1406,22,151,0),(1407,22,152,0),(1408,22,153,0),(1409,22,154,0),(1410,22,155,0),(1411,22,156,0),(1412,22,157,0),(1413,22,158,0),(1414,22,159,0),(1415,22,160,0),(1416,22,161,0),(1417,22,162,0),(1418,22,163,0),(1419,22,164,0),(1420,22,165,0),(1421,22,166,0),(1422,22,167,0),(1423,22,168,0),(1424,22,169,0),(1425,22,170,0),(1426,22,171,0),(1427,22,172,0),(1428,22,173,0),(1429,22,174,0),(1430,22,175,0),(1431,22,176,0),(1432,22,177,0),(1433,22,178,0),(1434,22,179,0),(1435,22,180,0),(1436,22,181,0),(1437,22,182,0),(1438,22,183,0),(1439,22,184,0),(1440,22,185,0),(1441,22,186,0),(1442,22,187,0),(1443,22,188,0),(1444,22,189,0),(1445,22,190,0),(1446,22,191,0),(1447,22,192,0),(1448,22,193,0),(1449,22,194,0),(1450,22,195,0),(1451,22,196,0),(1452,22,197,0),(1453,22,198,0),(1454,22,199,0),(1455,22,200,0),(1456,22,201,0),(1457,22,202,0),(1458,22,203,0),(1459,22,204,0),(1460,22,205,0),(1461,22,206,0),(1462,22,207,0),(1463,22,208,0),(1464,22,209,0),(1465,22,210,0),(1466,22,211,0),(1467,22,212,0),(1468,22,213,0),(1469,22,214,0),(1470,22,215,0),(1471,22,216,0),(1472,22,217,0),(1473,22,218,0),(1474,22,219,0),(1475,22,220,0),(1476,22,221,0),(1477,22,222,0),(1478,22,223,0),(1479,22,224,0),(1480,22,225,0),(1481,22,226,0),(1482,22,227,0),(1483,22,228,0),(1484,22,229,0),(1485,22,230,0),(1486,22,231,0),(1487,22,232,0),(1488,22,233,0),(1489,22,234,0),(1490,22,235,0),(1491,22,236,0),(1492,22,237,0),(1493,22,238,0),(1494,22,239,0),(1495,22,240,0),(1496,22,241,0),(1497,22,242,0),(1498,22,243,0),(1499,22,244,0),(1500,22,245,0),(1501,22,246,0),(1502,22,247,0),(1503,22,248,0),(1504,22,249,0),(1505,22,250,0),(1506,22,251,0),(1507,3,1,0),(1508,3,2,0),(1509,3,3,0),(1510,3,4,0),(1511,3,5,0),(1512,3,6,0),(1513,3,7,0),(1514,3,8,0),(1515,3,9,0),(1516,3,10,0),(1517,3,11,0),(1518,3,12,0),(1519,3,13,0),(1520,3,14,0),(1521,3,15,0),(1522,3,16,0),(1523,3,17,0),(1524,3,18,0),(1525,3,19,0),(1526,3,20,0),(1527,3,21,0),(1528,3,22,0),(1529,3,23,0),(1530,3,24,0),(1531,3,25,0),(1532,3,26,0),(1533,3,27,0),(1534,3,28,0),(1535,3,29,0),(1536,3,30,0),(1537,3,31,0),(1538,3,32,0),(1539,3,33,0),(1540,3,34,0),(1541,3,35,0),(1542,3,36,0),(1543,3,37,0),(1544,3,38,0),(1545,3,39,0),(1546,3,40,0),(1547,3,41,0),(1548,3,42,0),(1549,3,43,0),(1550,3,44,0),(1551,3,45,0),(1552,3,46,0),(1553,3,47,0),(1554,3,48,0),(1555,3,49,0),(1556,3,50,0),(1557,3,51,0),(1558,3,52,0),(1559,3,53,0),(1560,3,54,0),(1561,3,55,0),(1562,3,56,0),(1563,3,57,0),(1564,3,58,0),(1565,3,59,0),(1566,3,60,0),(1567,3,61,0),(1568,3,62,0),(1569,3,63,0),(1570,3,64,0),(1571,3,65,0),(1572,3,66,0),(1573,3,67,0),(1574,3,68,0),(1575,3,69,0),(1576,3,70,0),(1577,3,71,0),(1578,3,72,0),(1579,3,73,0),(1580,3,74,0),(1581,3,75,0),(1582,3,76,0),(1583,3,77,0),(1584,3,78,0),(1585,3,79,0),(1586,3,80,0),(1587,3,81,0),(1588,3,82,0),(1589,3,83,0),(1590,3,84,0),(1591,3,85,0),(1592,3,86,0),(1593,3,87,0),(1594,3,88,0),(1595,3,89,0),(1596,3,90,0),(1597,3,91,0),(1598,3,92,0),(1599,3,93,0),(1600,3,94,0),(1601,3,95,0),(1602,3,96,0),(1603,3,97,0),(1604,3,98,0),(1605,3,99,0),(1606,3,100,0),(1607,3,101,0),(1608,3,102,0),(1609,3,103,0),(1610,3,104,0),(1611,3,105,0),(1612,3,106,0),(1613,3,107,0),(1614,3,108,0),(1615,3,109,0),(1616,3,110,0),(1617,3,111,0),(1618,3,112,0),(1619,3,113,0),(1620,3,114,0),(1621,3,115,0),(1622,3,116,0),(1623,3,117,0),(1624,3,118,0),(1625,3,119,0),(1626,3,120,0),(1627,3,121,0),(1628,3,122,0),(1629,3,123,0),(1630,3,124,0),(1631,3,125,0),(1632,3,126,0),(1633,3,127,0),(1634,3,128,0),(1635,3,129,0),(1636,3,130,0),(1637,3,131,0),(1638,3,132,0),(1639,3,133,0),(1640,3,134,0),(1641,3,135,0),(1642,3,136,0),(1643,3,137,0),(1644,3,138,0),(1645,3,139,0),(1646,3,140,0),(1647,3,141,0),(1648,3,142,0),(1649,3,143,0),(1650,3,144,0),(1651,3,145,0),(1652,3,146,0),(1653,3,147,0),(1654,3,148,0),(1655,3,149,0),(1656,3,150,0),(1657,3,151,0),(1658,3,152,0),(1659,3,153,0),(1660,3,154,0),(1661,3,155,0),(1662,3,156,0),(1663,3,157,0),(1664,3,158,0),(1665,3,159,0),(1666,3,160,0),(1667,3,161,0),(1668,3,162,0),(1669,3,163,0),(1670,3,164,0),(1671,3,165,0),(1672,3,166,0),(1673,3,167,0),(1674,3,168,0),(1675,3,169,0),(1676,3,170,0),(1677,3,171,0),(1678,3,172,0),(1679,3,173,0),(1680,3,174,0),(1681,3,175,0),(1682,3,176,0),(1683,3,177,0),(1684,3,178,0),(1685,3,179,0),(1686,3,180,0),(1687,3,181,0),(1688,3,182,0),(1689,3,183,0),(1690,3,184,0),(1691,3,185,0),(1692,3,186,0),(1693,3,187,0),(1694,3,188,0),(1695,3,189,0),(1696,3,190,0),(1697,3,191,0),(1698,3,192,0),(1699,3,193,0),(1700,3,194,0),(1701,3,195,0),(1702,3,196,0),(1703,3,197,0),(1704,3,198,0),(1705,3,199,0),(1706,3,200,0),(1707,3,201,0),(1708,3,202,0),(1709,3,203,0),(1710,3,204,0),(1711,3,205,0),(1712,3,206,0),(1713,3,207,0),(1714,3,208,0),(1715,3,209,0),(1716,3,210,0),(1717,3,211,0),(1718,3,212,0),(1719,3,213,0),(1720,3,214,0),(1721,3,215,0),(1722,3,216,0),(1723,3,217,0),(1724,3,218,0),(1725,3,219,0),(1726,3,220,0),(1727,3,221,0),(1728,3,222,0),(1729,3,223,0),(1730,3,224,0),(1731,3,225,0),(1732,3,226,0),(1733,3,227,0),(1734,3,228,0),(1735,3,229,0),(1736,3,230,0),(1737,3,231,0),(1738,3,232,0),(1739,3,233,0),(1740,3,234,0),(1741,3,235,0),(1742,3,236,0),(1743,3,237,0),(1744,3,238,0),(1745,3,239,0),(1746,3,240,0),(1747,3,241,0),(1748,3,242,0),(1749,3,243,0),(1750,3,244,0),(1751,3,245,0),(1752,3,246,0),(1753,3,247,0),(1754,3,248,0),(1755,3,249,0),(1756,3,250,0),(1757,3,251,0),(1758,4,1,0),(1759,4,2,0),(1760,4,3,0),(1761,4,4,0),(1762,4,5,0),(1763,4,6,0),(1764,4,7,0),(1765,4,8,0),(1766,4,9,0),(1767,4,10,0),(1768,4,11,0),(1769,4,12,0),(1770,4,13,0),(1771,4,14,0),(1772,4,15,0),(1773,4,16,0),(1774,4,17,0),(1775,4,18,0),(1776,4,19,0),(1777,4,20,0),(1778,4,21,0),(1779,4,22,0),(1780,4,23,0),(1781,4,24,0),(1782,4,25,0),(1783,4,26,0),(1784,4,27,0),(1785,4,28,0),(1786,4,29,0),(1787,4,30,0),(1788,4,31,0),(1789,4,32,0),(1790,4,33,0),(1791,4,34,0),(1792,4,35,0),(1793,4,36,0),(1794,4,37,0),(1795,4,38,0),(1796,4,39,0),(1797,4,40,0),(1798,4,41,0),(1799,4,42,0),(1800,4,43,0),(1801,4,44,0),(1802,4,45,0),(1803,4,46,0),(1804,4,47,0),(1805,4,48,0),(1806,4,49,0),(1807,4,50,0),(1808,4,51,0),(1809,4,52,0),(1810,4,53,0),(1811,4,54,0),(1812,4,55,0),(1813,4,56,0),(1814,4,57,0),(1815,4,58,0),(1816,4,59,0),(1817,4,60,0),(1818,4,61,0),(1819,4,62,0),(1820,4,63,0),(1821,4,64,0),(1822,4,65,0),(1823,4,66,0),(1824,4,67,0),(1825,4,68,0),(1826,4,69,0),(1827,4,70,0),(1828,4,71,0),(1829,4,72,0),(1830,4,73,0),(1831,4,74,0),(1832,4,75,0),(1833,4,76,0),(1834,4,77,0),(1835,4,78,0),(1836,4,79,0),(1837,4,80,0),(1838,4,81,0),(1839,4,82,0),(1840,4,83,0),(1841,4,84,0),(1842,4,85,0),(1843,4,86,0),(1844,4,87,0),(1845,4,88,0),(1846,4,89,0),(1847,4,90,0),(1848,4,91,0),(1849,4,92,0),(1850,4,93,0),(1851,4,94,0),(1852,4,95,0),(1853,4,96,0),(1854,4,97,0),(1855,4,98,0),(1856,4,99,0),(1857,4,100,0),(1858,4,101,0),(1859,4,102,0),(1860,4,103,0),(1861,4,104,0),(1862,4,105,0),(1863,4,106,0),(1864,4,107,0),(1865,4,108,0),(1866,4,109,0),(1867,4,110,0),(1868,4,111,0),(1869,4,112,0),(1870,4,113,0),(1871,4,114,0),(1872,4,115,0),(1873,4,116,0),(1874,4,117,0),(1875,4,118,0),(1876,4,119,0),(1877,4,120,0),(1878,4,121,0),(1879,4,122,0),(1880,4,123,0),(1881,4,124,0),(1882,4,125,0),(1883,4,126,0),(1884,4,127,0),(1885,4,128,0),(1886,4,129,0),(1887,4,130,0),(1888,4,131,0),(1889,4,132,0),(1890,4,133,0),(1891,4,134,0),(1892,4,135,0),(1893,4,136,0),(1894,4,137,0),(1895,4,138,0),(1896,4,139,0),(1897,4,140,0),(1898,4,141,0),(1899,4,142,0),(1900,4,143,0),(1901,4,144,0),(1902,4,145,0),(1903,4,146,0),(1904,4,147,0),(1905,4,148,0),(1906,4,149,0),(1907,4,150,0),(1908,4,151,0),(1909,4,152,0),(1910,4,153,0),(1911,4,154,0),(1912,4,155,0),(1913,4,156,0),(1914,4,157,0),(1915,4,158,0),(1916,4,159,0),(1917,4,160,0),(1918,4,161,0),(1919,4,162,0),(1920,4,163,0),(1921,4,164,0),(1922,4,165,0),(1923,4,166,0),(1924,4,167,0),(1925,4,168,0),(1926,4,169,0),(1927,4,170,0),(1928,4,171,0),(1929,4,172,0),(1930,4,173,0),(1931,4,174,0),(1932,4,175,0),(1933,4,176,0),(1934,4,177,0),(1935,4,178,0),(1936,4,179,0),(1937,4,180,0),(1938,4,181,0),(1939,4,182,0),(1940,4,183,0),(1941,4,184,0),(1942,4,185,0),(1943,4,186,0),(1944,4,187,0),(1945,4,188,0),(1946,4,189,0),(1947,4,190,0),(1948,4,191,0),(1949,4,192,0),(1950,4,193,0),(1951,4,194,0),(1952,4,195,0),(1953,4,196,0),(1954,4,197,0),(1955,4,198,0),(1956,4,199,0),(1957,4,200,0),(1958,4,201,0),(1959,4,202,0),(1960,4,203,0),(1961,4,204,0),(1962,4,205,0),(1963,4,206,0),(1964,4,207,0),(1965,4,208,0),(1966,4,209,0),(1967,4,210,0),(1968,4,211,0),(1969,4,212,0),(1970,4,213,0),(1971,4,214,0),(1972,4,215,0),(1973,4,216,0),(1974,4,217,0),(1975,4,218,0),(1976,4,219,0),(1977,4,220,0),(1978,4,221,0),(1979,4,222,0),(1980,4,223,0),(1981,4,224,0),(1982,4,225,0),(1983,4,226,0),(1984,4,227,0),(1985,4,228,0),(1986,4,229,0),(1987,4,230,0),(1988,4,231,0),(1989,4,232,0),(1990,4,233,0),(1991,4,234,0),(1992,4,235,0),(1993,4,236,0),(1994,4,237,0),(1995,4,238,0),(1996,4,239,0),(1997,4,240,0),(1998,4,241,0),(1999,4,242,0),(2000,4,243,0),(2001,4,244,0),(2002,4,245,0),(2003,4,246,0),(2004,4,247,0),(2005,4,248,0),(2006,4,249,0),(2007,4,250,0),(2008,4,251,0),(2009,6,1,0),(2010,6,2,0),(2011,6,3,0),(2012,6,4,0),(2013,6,5,0),(2014,6,6,0),(2015,6,7,0),(2016,6,8,0),(2017,6,9,0),(2018,6,10,0),(2019,6,11,0),(2020,6,12,0),(2021,6,13,0),(2022,6,14,0),(2023,6,15,0),(2024,6,16,0),(2025,6,17,0),(2026,6,18,0),(2027,6,19,0),(2028,6,20,0),(2029,6,21,0),(2030,6,22,0),(2031,6,23,0),(2032,6,24,0),(2033,6,25,0),(2034,6,26,0),(2035,6,27,0),(2036,6,28,0),(2037,6,29,0),(2038,6,30,0),(2039,6,31,0),(2040,6,32,0),(2041,6,33,0),(2042,6,34,0),(2043,6,35,0),(2044,6,36,0),(2045,6,37,0),(2046,6,38,0),(2047,6,39,0),(2048,6,40,0),(2049,6,41,0),(2050,6,42,0),(2051,6,43,0),(2052,6,44,0),(2053,6,45,0),(2054,6,46,0),(2055,6,47,0),(2056,6,48,0),(2057,6,49,0),(2058,6,50,0),(2059,6,51,0),(2060,6,52,0),(2061,6,53,0),(2062,6,54,0),(2063,6,55,0),(2064,6,56,0),(2065,6,57,0),(2066,6,58,0),(2067,6,59,0),(2068,6,60,0),(2069,6,61,0),(2070,6,62,0),(2071,6,63,0),(2072,6,64,0),(2073,6,65,0),(2074,6,66,0),(2075,6,67,0),(2076,6,68,0),(2077,6,69,0),(2078,6,70,0),(2079,6,71,0),(2080,6,72,0),(2081,6,73,0),(2082,6,74,0),(2083,6,75,0),(2084,6,76,0),(2085,6,77,0),(2086,6,78,0),(2087,6,79,0),(2088,6,80,0),(2089,6,81,0),(2090,6,82,0),(2091,6,83,0),(2092,6,84,0),(2093,6,85,0),(2094,6,86,0),(2095,6,87,0),(2096,6,88,0),(2097,6,89,0),(2098,6,90,0),(2099,6,91,0),(2100,6,92,0),(2101,6,93,0),(2102,6,94,0),(2103,6,95,0),(2104,6,96,0),(2105,6,97,0),(2106,6,98,0),(2107,6,99,0),(2108,6,100,0),(2109,6,101,0),(2110,6,102,0),(2111,6,103,0),(2112,6,104,0),(2113,6,105,0),(2114,6,106,0),(2115,6,107,0),(2116,6,108,0),(2117,6,109,0),(2118,6,110,0),(2119,6,111,0),(2120,6,112,0),(2121,6,113,0),(2122,6,114,0),(2123,6,115,0),(2124,6,116,0),(2125,6,117,0),(2126,6,118,0),(2127,6,119,0),(2128,6,120,0),(2129,6,121,0),(2130,6,122,0),(2131,6,123,0),(2132,6,124,0),(2133,6,125,0),(2134,6,126,0),(2135,6,127,0),(2136,6,128,0),(2137,6,129,0),(2138,6,130,0),(2139,6,131,0),(2140,6,132,0),(2141,6,133,0),(2142,6,134,0),(2143,6,135,0),(2144,6,136,0),(2145,6,137,0),(2146,6,138,0),(2147,6,139,0),(2148,6,140,0),(2149,6,141,0),(2150,6,142,0),(2151,6,143,0),(2152,6,144,0),(2153,6,145,0),(2154,6,146,0),(2155,6,147,0),(2156,6,148,0),(2157,6,149,0),(2158,6,150,0),(2159,6,151,0),(2160,6,152,0),(2161,6,153,0),(2162,6,154,0),(2163,6,155,0),(2164,6,156,0),(2165,6,157,0),(2166,6,158,0),(2167,6,159,0),(2168,6,160,0),(2169,6,161,0),(2170,6,162,0),(2171,6,163,0),(2172,6,164,0),(2173,6,165,0),(2174,6,166,0),(2175,6,167,0),(2176,6,168,0),(2177,6,169,0),(2178,6,170,0),(2179,6,171,0),(2180,6,172,0),(2181,6,173,0),(2182,6,174,0),(2183,6,175,0),(2184,6,176,0),(2185,6,177,0),(2186,6,178,0),(2187,6,179,0),(2188,6,180,0),(2189,6,181,0),(2190,6,182,0),(2191,6,183,0),(2192,6,184,0),(2193,6,185,0),(2194,6,186,0),(2195,6,187,0),(2196,6,188,0),(2197,6,189,0),(2198,6,190,0),(2199,6,191,0),(2200,6,192,0),(2201,6,193,0),(2202,6,194,0),(2203,6,195,0),(2204,6,196,0),(2205,6,197,0),(2206,6,198,0),(2207,6,199,0),(2208,6,200,0),(2209,6,201,0),(2210,6,202,0),(2211,6,203,0),(2212,6,204,0),(2213,6,205,0),(2214,6,206,0),(2215,6,207,0),(2216,6,208,0),(2217,6,209,0),(2218,6,210,0),(2219,6,211,0),(2220,6,212,0),(2221,6,213,0),(2222,6,214,0),(2223,6,215,0),(2224,6,216,0),(2225,6,217,0),(2226,6,218,0),(2227,6,219,0),(2228,6,220,0),(2229,6,221,0),(2230,6,222,0),(2231,6,223,0),(2232,6,224,0),(2233,6,225,0),(2234,6,226,0),(2235,6,227,0),(2236,6,228,0),(2237,6,229,0),(2238,6,230,0),(2239,6,231,0),(2240,6,232,0),(2241,6,233,0),(2242,6,234,0),(2243,6,235,0),(2244,6,236,0),(2245,6,237,0),(2246,6,238,0),(2247,6,239,0),(2248,6,240,0),(2249,6,241,0),(2250,6,242,0),(2251,6,243,0),(2252,6,244,0),(2253,6,245,0),(2254,6,246,0),(2255,6,247,0),(2256,6,248,0),(2257,6,249,0),(2258,6,250,0),(2259,6,251,0),(2260,7,1,0),(2261,7,2,0),(2262,7,3,0),(2263,7,4,0),(2264,7,5,0),(2265,7,6,0),(2266,7,7,0),(2267,7,8,0),(2268,7,9,0),(2269,7,10,0),(2270,7,11,0),(2271,7,12,0),(2272,7,13,0),(2273,7,14,0),(2274,7,15,0),(2275,7,16,0),(2276,7,17,0),(2277,7,18,0),(2278,7,19,0),(2279,7,20,0),(2280,7,21,0),(2281,7,22,0),(2282,7,23,0),(2283,7,24,0),(2284,7,25,0),(2285,7,26,0),(2286,7,27,0),(2287,7,28,0),(2288,7,29,0),(2289,7,30,0),(2290,7,31,0),(2291,7,32,0),(2292,7,33,0),(2293,7,34,0),(2294,7,35,0),(2295,7,36,0),(2296,7,37,0),(2297,7,38,0),(2298,7,39,0),(2299,7,40,0),(2300,7,41,0),(2301,7,42,0),(2302,7,43,0),(2303,7,44,0),(2304,7,45,0),(2305,7,46,0),(2306,7,47,0),(2307,7,48,0),(2308,7,49,0),(2309,7,50,0),(2310,7,51,0),(2311,7,52,0),(2312,7,53,0),(2313,7,54,0),(2314,7,55,0),(2315,7,56,0),(2316,7,57,0),(2317,7,58,0),(2318,7,59,0),(2319,7,60,0),(2320,7,61,0),(2321,7,62,0),(2322,7,63,0),(2323,7,64,0),(2324,7,65,0),(2325,7,66,0),(2326,7,67,0),(2327,7,68,0),(2328,7,69,0),(2329,7,70,0),(2330,7,71,0),(2331,7,72,0),(2332,7,73,0),(2333,7,74,0),(2334,7,75,0),(2335,7,76,0),(2336,7,77,0),(2337,7,78,0),(2338,7,79,0),(2339,7,80,0),(2340,7,81,0),(2341,7,82,0),(2342,7,83,0),(2343,7,84,0),(2344,7,85,0),(2345,7,86,0),(2346,7,87,0),(2347,7,88,0),(2348,7,89,0),(2349,7,90,0),(2350,7,91,0),(2351,7,92,0),(2352,7,93,0),(2353,7,94,0),(2354,7,95,0),(2355,7,96,0),(2356,7,97,0),(2357,7,98,0),(2358,7,99,0),(2359,7,100,0),(2360,7,101,0),(2361,7,102,0),(2362,7,103,0),(2363,7,104,0),(2364,7,105,0),(2365,7,106,0),(2366,7,107,0),(2367,7,108,0),(2368,7,109,0),(2369,7,110,0),(2370,7,111,0),(2371,7,112,0),(2372,7,113,0),(2373,7,114,0),(2374,7,115,0),(2375,7,116,0),(2376,7,117,0),(2377,7,118,0),(2378,7,119,0),(2379,7,120,0),(2380,7,121,0),(2381,7,122,0),(2382,7,123,0),(2383,7,124,0),(2384,7,125,0),(2385,7,126,0),(2386,7,127,0),(2387,7,128,0),(2388,7,129,0),(2389,7,130,0),(2390,7,131,0),(2391,7,132,0),(2392,7,133,0),(2393,7,134,0),(2394,7,135,0),(2395,7,136,0),(2396,7,137,0),(2397,7,138,0),(2398,7,139,0),(2399,7,140,0),(2400,7,141,0),(2401,7,142,0),(2402,7,143,0),(2403,7,144,0),(2404,7,145,0),(2405,7,146,0),(2406,7,147,0),(2407,7,148,0),(2408,7,149,0),(2409,7,150,0),(2410,7,151,0),(2411,7,152,0),(2412,7,153,0),(2413,7,154,0),(2414,7,155,0),(2415,7,156,0),(2416,7,157,0),(2417,7,158,0),(2418,7,159,0),(2419,7,160,0),(2420,7,161,0),(2421,7,162,0),(2422,7,163,0),(2423,7,164,0),(2424,7,165,0),(2425,7,166,0),(2426,7,167,0),(2427,7,168,0),(2428,7,169,0),(2429,7,170,0),(2430,7,171,0),(2431,7,172,0),(2432,7,173,0),(2433,7,174,0),(2434,7,175,0),(2435,7,176,0),(2436,7,177,0),(2437,7,178,0),(2438,7,179,0),(2439,7,180,0),(2440,7,181,0),(2441,7,182,0),(2442,7,183,0),(2443,7,184,0),(2444,7,185,0),(2445,7,186,0),(2446,7,187,0),(2447,7,188,0),(2448,7,189,0),(2449,7,190,0),(2450,7,191,0),(2451,7,192,0),(2452,7,193,0),(2453,7,194,0),(2454,7,195,0),(2455,7,196,0),(2456,7,197,0),(2457,7,198,0),(2458,7,199,0),(2459,7,200,0),(2460,7,201,0),(2461,7,202,0),(2462,7,203,0),(2463,7,204,0),(2464,7,205,0),(2465,7,206,0),(2466,7,207,0),(2467,7,208,0),(2468,7,209,0),(2469,7,210,0),(2470,7,211,0),(2471,7,212,0),(2472,7,213,0),(2473,7,214,0),(2474,7,215,0),(2475,7,216,0),(2476,7,217,0),(2477,7,218,0),(2478,7,219,0),(2479,7,220,0),(2480,7,221,0),(2481,7,222,0),(2482,7,223,0),(2483,7,224,0),(2484,7,225,0),(2485,7,226,0),(2486,7,227,0),(2487,7,228,0),(2488,7,229,0),(2489,7,230,0),(2490,7,231,0),(2491,7,232,0),(2492,7,233,0),(2493,7,234,0),(2494,7,235,0),(2495,7,236,0),(2496,7,237,0),(2497,7,238,0),(2498,7,238,0),(2499,7,239,0),(2500,7,240,0),(2501,7,241,0),(2502,7,242,0),(2503,7,243,0),(2504,7,244,0),(2505,7,245,0),(2506,7,245,0),(2507,7,246,0),(2508,7,247,0),(2509,7,248,0),(2510,7,249,0),(2511,7,249,0),(2512,7,250,0),(2513,7,251,0),(2514,8,1,0),(2515,8,1,0),(2516,8,2,0),(2517,8,3,0),(2518,8,3,0),(2519,8,4,0),(2520,8,5,0),(2521,8,5,0),(2522,8,6,0),(2523,8,7,0),(2524,8,7,0),(2525,8,8,0),(2526,8,9,0),(2527,8,9,0),(2528,8,10,0),(2529,8,11,0),(2530,8,12,0),(2531,8,13,0),(2532,8,14,0),(2533,8,15,0),(2534,8,15,0),(2535,8,16,0),(2536,8,17,0),(2537,8,18,0),(2538,8,19,0),(2539,8,20,0),(2540,8,20,0),(2541,8,21,0),(2542,8,22,0),(2543,8,22,0),(2544,8,23,0),(2545,8,24,0),(2546,8,25,0),(2547,8,26,0),(2548,8,27,0),(2549,8,28,0),(2550,8,29,0),(2551,8,30,0),(2552,8,30,0),(2553,8,31,0),(2554,8,32,0),(2555,8,33,0),(2556,8,34,0),(2557,8,34,0),(2558,8,35,0),(2559,8,36,0),(2560,8,36,0),(2561,8,37,0),(2562,8,38,0),(2563,8,38,0),(2564,8,39,0),(2565,8,40,0),(2566,8,41,0),(2567,8,41,0),(2568,8,42,0),(2569,8,43,0),(2570,8,44,0),(2571,8,45,0),(2572,8,45,0),(2573,8,46,0),(2574,8,47,0),(2575,8,48,0),(2576,8,49,0),(2577,8,49,0),(2578,8,50,0),(2579,8,50,0),(2580,8,51,0),(2581,8,51,0),(2582,8,52,0),(2583,8,52,0),(2584,8,53,0),(2585,8,53,0),(2586,8,54,0),(2587,8,55,0),(2588,8,55,0),(2589,8,56,0),(2590,8,57,0),(2591,8,57,0),(2592,8,58,0),(2593,8,58,0),(2594,8,59,0),(2595,8,60,0),(2596,8,60,0),(2597,8,61,0),(2598,8,61,0),(2599,8,62,0),(2600,8,62,0),(2601,8,63,0),(2602,8,63,0),(2603,8,64,0),(2604,8,64,0),(2605,8,65,0),(2606,8,65,0),(2607,8,66,0),(2608,8,67,0),(2609,8,68,0),(2610,8,68,0),(2611,8,69,0),(2612,8,70,0),(2613,8,70,0),(2614,8,71,0),(2615,8,71,0),(2616,8,72,0),(2617,8,73,0),(2618,8,74,0),(2619,8,74,0),(2620,8,75,0),(2621,8,75,0),(2622,8,76,0),(2623,8,77,0),(2624,8,78,0),(2625,8,78,0),(2626,8,79,0),(2627,8,80,0),(2628,8,80,0),(2629,8,81,0),(2630,8,82,0),(2631,8,83,0),(2632,8,83,0),(2633,8,84,0),(2634,8,85,0),(2635,8,86,0),(2636,8,87,0),(2637,8,87,0),(2638,8,88,0),(2639,8,89,0),(2640,8,90,0),(2641,8,90,0),(2642,8,91,0),(2643,8,92,0),(2644,8,93,0),(2645,8,94,0),(2646,8,95,0),(2647,8,95,0),(2648,8,96,0),(2649,8,96,0),(2650,8,97,0),(2651,8,98,0),(2652,8,98,0),(2653,8,99,0),(2654,8,99,0),(2655,8,100,0),(2656,8,100,0),(2657,8,101,0),(2658,8,101,0),(2659,8,102,0),(2660,8,102,0),(2661,8,103,0),(2662,8,104,0),(2663,8,104,0),(2664,8,105,0),(2665,8,105,0),(2666,8,106,0),(2667,8,106,0),(2668,8,107,0),(2669,8,107,0),(2670,8,108,0),(2671,8,109,0),(2672,8,109,0),(2673,8,110,0),(2674,8,110,0),(2675,8,111,0),(2676,8,111,0),(2677,8,112,0),(2678,8,112,0),(2679,8,113,0),(2680,8,114,0),(2681,8,114,0),(2682,8,115,0),(2683,8,115,0),(2684,8,116,0),(2685,8,116,0),(2686,8,117,0),(2687,8,117,0),(2688,8,118,0),(2689,8,118,0),(2690,8,119,0),(2691,8,120,0),(2692,8,120,0),(2693,8,121,0),(2694,8,122,0),(2695,8,122,0),(2696,8,123,0),(2697,8,123,0),(2698,8,124,0),(2699,8,124,0),(2700,8,125,0),(2701,8,125,0),(2702,8,126,0),(2703,8,126,0),(2704,8,127,0),(2705,8,127,0),(2706,8,128,0),(2707,8,129,0),(2708,8,129,0),(2709,8,130,0),(2710,8,131,0),(2711,8,131,0),(2712,8,132,0),(2713,8,133,0),(2714,8,133,0),(2715,8,134,0),(2716,8,134,0),(2717,8,135,0),(2718,8,135,0),(2719,8,136,0),(2720,8,136,0),(2721,8,137,0),(2722,8,137,0),(2723,8,138,0),(2724,8,138,0),(2725,8,139,0),(2726,8,139,0),(2727,8,140,0),(2728,8,141,0),(2729,8,142,0),(2730,8,142,0),(2731,8,143,0),(2732,8,143,0),(2733,8,144,0),(2734,8,144,0),(2735,8,145,0),(2736,8,146,0),(2737,8,146,0),(2738,8,147,0),(2739,8,148,0),(2740,8,148,0),(2741,8,149,0),(2742,8,149,0),(2743,8,150,0),(2744,8,150,0),(2745,8,151,0),(2746,8,151,0),(2747,8,152,0),(2748,8,152,0),(2749,8,153,0),(2750,8,153,0),(2751,8,154,0),(2752,8,154,0),(2753,8,155,0),(2754,8,155,0),(2755,8,156,0),(2756,8,156,0),(2757,8,157,0),(2758,8,157,0),(2759,8,158,0),(2760,8,158,0),(2761,8,159,0),(2762,8,159,0),(2763,8,160,0),(2764,8,160,0),(2765,8,161,0),(2766,8,161,0),(2767,8,162,0),(2768,8,162,0),(2769,8,163,0),(2770,8,163,0),(2771,8,164,0),(2772,8,165,0),(2773,8,165,0),(2774,8,166,0),(2775,8,166,0),(2776,8,167,0),(2777,8,167,0),(2778,8,168,0),(2779,8,168,0),(2780,8,169,0),(2781,8,169,0),(2782,8,170,0),(2783,8,171,0),(2784,8,171,0),(2785,8,172,0),(2786,8,172,0),(2787,8,173,0),(2788,8,173,0),(2789,8,174,0),(2790,8,174,0),(2791,8,175,0),(2792,8,175,0),(2793,8,176,0),(2794,8,177,0),(2795,8,177,0),(2796,8,178,0),(2797,8,179,0),(2798,8,179,0),(2799,8,180,0),(2800,8,181,0),(2801,8,182,0),(2802,8,182,0),(2803,8,183,0),(2804,8,183,0),(2805,8,184,0),(2806,8,185,0),(2807,8,185,0),(2808,8,186,0),(2809,8,187,0),(2810,8,187,0),(2811,8,188,0),(2812,8,188,0),(2813,8,189,0),(2814,8,190,0),(2815,8,190,0),(2816,8,191,0),(2817,8,192,0),(2818,8,192,0),(2819,8,193,0),(2820,8,194,0),(2821,8,194,0),(2822,8,195,0),(2823,8,196,0),(2824,8,196,0),(2825,8,197,0),(2826,8,198,0),(2827,8,198,0),(2828,8,199,0),(2829,8,200,0),(2830,8,201,0),(2831,8,202,0),(2832,8,202,0),(2833,8,203,0),(2834,8,204,0),(2835,8,205,0),(2836,8,206,0),(2837,8,206,0),(2838,8,207,0),(2839,8,208,0),(2840,8,208,0),(2841,8,209,0),(2842,8,210,0),(2843,8,210,0),(2844,8,211,0),(2845,8,212,0),(2846,8,212,0),(2847,8,213,0),(2848,8,214,0),(2849,8,215,0),(2850,8,215,0),(2851,8,216,0),(2852,8,217,0),(2853,8,217,0),(2854,8,218,0),(2855,8,219,0),(2856,8,220,0),(2857,8,220,0),(2858,8,221,0),(2859,8,222,0),(2860,8,222,0),(2861,8,223,0),(2862,8,224,0),(2863,8,225,0),(2864,8,226,0),(2865,8,227,0),(2866,8,227,0),(2867,8,228,0),(2868,8,229,0),(2869,8,230,0),(2870,8,231,0),(2871,8,232,0),(2872,8,232,0),(2873,8,233,0),(2874,8,234,0),(2875,8,234,0),(2876,8,235,0),(2877,8,235,0),(2878,8,236,0),(2879,8,236,0),(2880,8,237,0),(2881,8,238,0),(2882,8,238,0),(2883,8,239,0),(2884,8,240,0),(2885,8,240,0),(2886,8,241,0),(2887,8,241,0),(2888,8,242,0),(2889,8,242,0),(2890,8,243,0),(2891,8,244,0),(2892,8,244,0),(2893,8,245,0),(2894,8,246,0),(2895,8,246,0),(2896,8,247,0),(2897,8,247,0),(2898,8,248,0),(2899,8,248,0),(2900,8,249,0),(2901,8,249,0),(2902,8,250,0),(2903,8,250,0),(2904,8,251,0),(2905,8,251,0),(2906,9,1,0),(2907,9,2,0),(2908,9,2,0),(2909,9,3,0),(2910,9,3,0),(2911,9,4,0),(2912,9,4,0),(2913,9,5,0),(2914,9,5,0),(2915,9,6,0),(2916,9,6,0),(2917,9,7,0),(2918,9,7,0),(2919,9,8,0),(2920,9,9,0),(2921,9,9,0),(2922,9,10,0),(2923,9,10,0),(2924,9,11,0),(2925,9,11,0),(2926,9,12,0),(2927,9,12,0),(2928,9,13,0),(2929,9,13,0),(2930,9,14,0),(2931,9,14,0),(2932,9,15,0),(2933,9,15,0),(2934,9,16,0),(2935,9,16,0),(2936,9,17,0),(2937,9,17,0),(2938,9,18,0),(2939,9,18,0),(2940,9,19,0),(2941,9,19,0),(2942,9,20,0),(2943,9,21,0),(2944,9,21,0),(2945,9,22,0),(2946,9,22,0),(2947,9,23,0),(2948,9,23,0),(2949,9,24,0),(2950,9,24,0),(2951,9,25,0),(2952,9,25,0),(2953,9,26,0),(2954,9,26,0),(2955,9,27,0),(2956,9,27,0),(2957,9,28,0),(2958,9,28,0),(2959,9,29,0),(2960,9,29,0),(2961,9,30,0),(2962,9,30,0),(2963,9,31,0),(2964,9,31,0),(2965,9,32,0),(2966,9,32,0),(2967,9,33,0),(2968,9,33,0),(2969,9,34,0),(2970,9,34,0),(2971,9,35,0),(2972,9,36,0),(2973,9,36,0),(2974,9,37,0),(2975,9,37,0),(2976,9,38,0),(2977,9,38,0),(2978,9,39,0),(2979,9,40,0),(2980,9,40,0),(2981,9,41,0),(2982,9,41,0),(2983,9,42,0),(2984,9,42,0),(2985,9,43,0),(2986,9,43,0),(2987,9,44,0),(2988,9,44,0),(2989,9,45,0),(2990,9,45,0),(2991,9,46,0),(2992,9,46,0),(2993,9,47,0),(2994,9,47,0),(2995,9,48,0),(2996,9,49,0),(2997,9,49,0),(2998,9,50,0),(2999,9,50,0),(3000,9,51,0),(3001,9,51,0),(3002,9,52,0),(3003,9,52,0),(3004,9,53,0),(3005,9,53,0),(3006,9,54,0),(3007,9,54,0),(3008,9,55,0),(3009,9,55,0),(3010,9,56,0),(3011,9,56,0),(3012,9,57,0),(3013,9,57,0),(3014,9,58,0),(3015,9,58,0),(3016,9,59,0),(3017,9,59,0),(3018,9,60,0),(3019,9,60,0),(3020,9,61,0),(3021,9,61,0),(3022,9,62,0),(3023,9,62,0),(3024,9,63,0),(3025,9,64,0),(3026,9,64,0),(3027,9,65,0),(3028,9,66,0),(3029,9,66,0),(3030,9,67,0),(3031,9,68,0),(3032,9,68,0),(3033,9,69,0),(3034,9,69,0),(3035,9,70,0),(3036,9,70,0),(3037,9,71,0),(3038,9,71,0),(3039,9,72,0),(3040,9,73,0),(3041,9,73,0),(3042,9,74,0),(3043,9,75,0),(3044,9,75,0),(3045,9,76,0),(3046,9,77,0),(3047,9,77,0),(3048,9,78,0),(3049,9,79,0),(3050,9,79,0),(3051,9,80,0),(3052,9,80,0),(3053,9,81,0),(3054,9,82,0),(3055,9,82,0),(3056,9,83,0),(3057,9,83,0),(3058,9,84,0),(3059,9,84,0),(3060,9,85,0),(3061,9,85,0),(3062,9,86,0),(3063,9,86,0),(3064,9,87,0),(3065,9,87,0),(3066,9,88,0),(3067,9,89,0),(3068,9,89,0),(3069,9,90,0),(3070,9,90,0),(3071,9,91,0),(3072,9,91,0),(3073,9,92,0),(3074,9,92,0),(3075,9,93,0),(3076,9,93,0),(3077,9,94,0),(3078,9,95,0),(3079,9,95,0),(3080,9,96,0),(3081,9,96,0),(3082,9,97,0),(3083,9,97,0),(3084,9,98,0),(3085,9,98,0),(3086,9,99,0),(3087,9,99,0),(3088,9,100,0),(3089,9,100,0),(3090,9,101,0),(3091,9,101,0),(3092,9,102,0),(3093,9,102,0),(3094,9,103,0),(3095,9,104,0),(3096,9,104,0),(3097,9,105,0),(3098,9,105,0),(3099,9,106,0),(3100,9,107,0),(3101,9,107,0),(3102,9,108,0),(3103,9,108,0),(3104,9,109,0),(3105,9,109,0),(3106,9,110,0),(3107,9,110,0),(3108,9,111,0),(3109,9,111,0),(3110,9,112,0),(3111,9,112,0),(3112,9,113,0),(3113,9,113,0),(3114,9,114,0),(3115,9,114,0),(3116,9,115,0),(3117,9,115,0),(3118,9,116,0),(3119,9,116,0),(3120,9,117,0),(3121,9,117,0),(3122,9,118,0),(3123,9,119,0),(3124,9,119,0),(3125,9,120,0),(3126,9,120,0),(3127,9,121,0),(3128,9,121,0),(3129,9,122,0),(3130,9,122,0),(3131,9,123,0),(3132,9,123,0),(3133,9,124,0),(3134,9,124,0),(3135,9,125,0),(3136,9,125,0),(3137,9,126,0),(3138,9,126,0),(3139,9,127,0),(3140,9,127,0),(3141,9,128,0),(3142,9,128,0),(3143,9,129,0),(3144,9,130,0),(3145,9,130,0),(3146,9,131,0),(3147,9,131,0),(3148,9,132,0),(3149,9,132,0),(3150,9,133,0),(3151,9,133,0),(3152,9,134,0),(3153,9,134,0),(3154,9,135,0),(3155,9,135,0),(3156,9,136,0),(3157,9,137,0),(3158,9,137,0),(3159,9,138,0),(3160,9,138,0),(3161,9,139,0),(3162,9,140,0),(3163,9,140,0),(3164,9,141,0),(3165,9,141,0),(3166,9,142,0),(3167,9,142,0),(3168,9,143,0),(3169,9,143,0),(3170,9,144,0),(3171,9,144,0),(3172,9,145,0),(3173,9,145,0),(3174,9,146,0),(3175,9,147,0),(3176,9,147,0),(3177,9,148,0),(3178,9,148,0),(3179,9,149,0),(3180,9,150,0),(3181,9,150,0),(3182,9,151,0),(3183,9,152,0),(3184,9,152,0),(3185,9,153,0),(3186,9,153,0),(3187,9,154,0),(3188,9,155,0),(3189,9,155,0),(3190,9,156,0),(3191,9,156,0),(3192,9,157,0),(3193,9,158,0),(3194,9,158,0),(3195,9,159,0),(3196,9,159,0),(3197,9,160,0),(3198,9,160,0),(3199,9,161,0),(3200,9,162,0),(3201,9,162,0),(3202,9,163,0),(3203,9,163,0),(3204,9,164,0),(3205,9,164,0),(3206,9,165,0),(3207,9,165,0),(3208,9,166,0),(3209,9,166,0),(3210,9,167,0),(3211,9,167,0),(3212,9,168,0),(3213,9,169,0),(3214,9,169,0),(3215,9,170,0),(3216,9,170,0),(3217,9,171,0),(3218,9,171,0),(3219,9,172,0),(3220,9,172,0),(3221,9,173,0),(3222,9,173,0),(3223,9,174,0),(3224,9,174,0),(3225,9,175,0),(3226,9,175,0),(3227,9,176,0),(3228,9,177,0),(3229,9,177,0),(3230,9,178,0),(3231,9,179,0),(3232,9,179,0),(3233,9,180,0),(3234,9,180,0),(3235,9,181,0),(3236,9,182,0),(3237,9,182,0),(3238,9,183,0),(3239,9,183,0),(3240,9,184,0),(3241,9,184,0),(3242,9,185,0),(3243,9,185,0),(3244,9,186,0),(3245,9,187,0),(3246,9,187,0),(3247,9,188,0),(3248,9,189,0),(3249,9,189,0),(3250,9,190,0),(3251,9,190,0),(3252,9,191,0),(3253,9,191,0),(3254,9,192,0),(3255,9,192,0),(3256,9,193,0),(3257,9,194,0),(3258,9,194,0),(3259,9,195,0),(3260,9,196,0),(3261,9,196,0),(3262,9,197,0),(3263,9,197,0),(3264,9,198,0),(3265,9,198,0),(3266,9,199,0),(3267,9,199,0),(3268,9,200,0),(3269,9,200,0),(3270,9,201,0),(3271,9,201,0),(3272,9,202,0),(3273,9,203,0),(3274,9,203,0),(3275,9,204,0),(3276,9,204,0),(3277,9,205,0),(3278,9,206,0),(3279,9,206,0),(3280,9,207,0),(3281,9,208,0),(3282,9,208,0),(3283,9,209,0),(3284,9,209,0),(3285,9,210,0),(3286,9,210,0),(3287,9,211,0),(3288,9,212,0),(3289,9,212,0),(3290,9,213,0),(3291,9,213,0),(3292,9,214,0),(3293,9,215,0),(3294,9,215,0),(3295,9,216,0),(3296,9,217,0),(3297,9,217,0),(3298,9,218,0),(3299,9,218,0),(3300,9,219,0),(3301,9,220,0),(3302,9,220,0),(3303,9,221,0),(3304,9,221,0),(3305,9,222,0),(3306,9,223,0),(3307,9,223,0),(3308,9,224,0),(3309,9,224,0),(3310,9,225,0),(3311,9,225,0),(3312,9,226,0),(3313,9,226,0),(3314,9,227,0),(3315,9,227,0),(3316,9,228,0),(3317,9,228,0),(3318,9,229,0),(3319,9,230,0),(3320,9,230,0),(3321,9,231,0),(3322,9,231,0),(3323,9,232,0),(3324,9,233,0),(3325,9,233,0),(3326,9,234,0),(3327,9,235,0),(3328,9,235,0),(3329,9,236,0),(3330,9,236,0),(3331,9,237,0),(3332,9,237,0),(3333,9,238,0),(3334,9,238,0),(3335,9,239,0),(3336,9,239,0),(3337,9,240,0),(3338,9,240,0),(3339,9,241,0),(3340,9,242,0),(3341,9,242,0),(3342,9,243,0),(3343,9,244,0),(3344,9,244,0),(3345,9,245,0),(3346,9,245,0),(3347,9,246,0),(3348,9,246,0),(3349,9,247,0),(3350,9,247,0),(3351,9,248,0),(3352,9,248,0),(3353,9,249,0),(3354,9,249,0),(3355,9,250,0),(3356,9,250,0),(3357,9,251,0),(3358,9,251,0),(3359,10,1,0),(3360,10,1,0),(3361,10,2,0),(3362,10,2,0),(3363,10,3,0),(3364,10,3,0),(3365,10,4,0),(3366,10,4,0),(3367,10,5,0),(3368,10,6,0),(3369,10,7,0),(3370,10,8,0),(3371,10,8,0),(3372,10,9,0),(3373,10,9,0),(3374,10,10,0),(3375,10,10,0),(3376,10,11,0),(3377,10,11,0),(3378,10,12,0),(3379,10,12,0),(3380,10,13,0),(3381,10,13,0),(3382,10,14,0),(3383,10,15,0),(3384,10,15,0),(3385,10,16,0),(3386,10,16,0),(3387,10,17,0),(3388,10,18,0),(3389,10,19,0),(3390,10,19,0),(3391,10,20,0),(3392,10,20,0),(3393,10,21,0),(3394,10,22,0),(3395,10,23,0),(3396,10,23,0),(3397,10,24,0),(3398,10,25,0),(3399,10,25,0),(3400,10,26,0),(3401,10,27,0),(3402,10,27,0),(3403,10,28,0),(3404,10,29,0),(3405,10,30,0),(3406,10,30,0),(3407,10,31,0),(3408,10,32,0),(3409,10,32,0),(3410,10,33,0),(3411,10,34,0),(3412,10,35,0),(3413,10,36,0),(3414,10,36,0),(3415,10,37,0),(3416,10,37,0),(3417,10,38,0),(3418,10,38,0),(3419,10,39,0),(3420,10,39,0),(3421,10,40,0),(3422,10,40,0),(3423,10,41,0),(3424,10,41,0),(3425,10,42,0),(3426,10,42,0),(3427,10,43,0),(3428,10,43,0),(3429,10,44,0),(3430,10,44,0),(3431,10,45,0),(3432,10,45,0),(3433,10,46,0),(3434,10,47,0),(3435,10,47,0),(3436,10,48,0),(3437,10,48,0),(3438,10,49,0),(3439,10,50,0),(3440,10,50,0),(3441,10,51,0),(3442,10,51,0),(3443,10,52,0),(3444,10,52,0),(3445,10,53,0),(3446,10,53,0),(3447,10,54,0),(3448,10,54,0),(3449,10,55,0),(3450,10,55,0),(3451,10,56,0),(3452,10,56,0),(3453,10,57,0),(3454,10,57,0),(3455,10,58,0),(3456,10,58,0),(3457,10,59,0),(3458,10,60,0),(3459,10,60,0),(3460,10,61,0),(3461,10,61,0),(3462,10,62,0),(3463,10,63,0),(3464,10,63,0),(3465,10,64,0),(3466,10,64,0),(3467,10,65,0),(3468,10,66,0),(3469,10,66,0),(3470,10,67,0),(3471,10,67,0),(3472,10,68,0),(3473,10,69,0),(3474,10,69,0),(3475,10,70,0),(3476,10,71,0),(3477,10,71,0),(3478,10,72,0),(3479,10,73,0),(3480,10,73,0),(3481,10,74,0),(3482,10,75,0),(3483,10,75,0),(3484,10,76,0),(3485,10,76,0),(3486,10,77,0),(3487,10,77,0),(3488,10,78,0),(3489,10,78,0),(3490,10,79,0),(3491,10,80,0),(3492,10,80,0),(3493,10,81,0),(3494,10,81,0),(3495,10,82,0),(3496,10,82,0),(3497,10,83,0),(3498,10,83,0),(3499,10,84,0),(3500,10,84,0),(3501,10,85,0),(3502,10,85,0),(3503,10,86,0),(3504,10,86,0),(3505,10,87,0),(3506,10,87,0),(3507,10,88,0),(3508,10,89,0),(3509,10,90,0),(3510,10,91,0),(3511,10,91,0),(3512,10,92,0),(3513,10,92,0),(3514,10,93,0),(3515,10,93,0),(3516,10,94,0),(3517,10,94,0),(3518,10,95,0),(3519,10,95,0),(3520,10,96,0),(3521,10,96,0),(3522,10,97,0),(3523,10,97,0),(3524,10,98,0),(3525,10,98,0),(3526,10,99,0),(3527,10,99,0),(3528,10,100,0),(3529,10,101,0),(3530,10,101,0),(3531,10,102,0),(3532,10,102,0),(3533,10,103,0),(3534,10,103,0),(3535,10,104,0),(3536,10,104,0),(3537,10,105,0),(3538,10,105,0),(3539,10,106,0),(3540,10,107,0),(3541,10,108,0),(3542,10,109,0),(3543,10,109,0),(3544,10,110,0),(3545,10,110,0),(3546,10,111,0),(3547,10,112,0),(3548,10,112,0),(3549,10,113,0),(3550,10,113,0),(3551,10,114,0),(3552,10,115,0),(3553,10,115,0),(3554,10,116,0),(3555,10,117,0),(3556,10,117,0),(3557,10,118,0),(3558,10,119,0),(3559,10,119,0),(3560,10,120,0),(3561,10,121,0),(3562,10,121,0),(3563,10,122,0),(3564,10,123,0),(3565,10,124,0),(3566,10,124,0),(3567,10,125,0),(3568,10,126,0),(3569,10,127,0),(3570,10,128,0),(3571,10,129,0),(3572,10,129,0),(3573,10,130,0),(3574,10,131,0),(3575,10,131,0),(3576,10,132,0),(3577,10,133,0),(3578,10,133,0),(3579,10,134,0),(3580,10,135,0),(3581,10,136,0),(3582,10,137,0),(3583,10,137,0),(3584,10,138,0),(3585,10,138,0),(3586,10,139,0),(3587,10,139,0),(3588,10,140,0),(3589,10,141,0),(3590,10,141,0),(3591,10,142,0),(3592,10,142,0),(3593,10,143,0),(3594,10,143,0),(3595,10,144,0),(3596,10,145,0),(3597,10,145,0),(3598,10,146,0),(3599,10,146,0),(3600,10,147,0),(3601,10,147,0),(3602,10,148,0),(3603,10,149,0),(3604,10,149,0),(3605,10,150,0),(3606,10,150,0),(3607,10,151,0),(3608,10,151,0),(3609,10,152,0),(3610,10,152,0),(3611,10,153,0),(3612,10,154,0),(3613,10,154,0),(3614,10,155,0),(3615,10,156,0),(3616,10,156,0),(3617,10,157,0),(3618,10,157,0),(3619,10,158,0),(3620,10,158,0),(3621,10,159,0),(3622,10,159,0),(3623,10,160,0),(3624,10,161,0),(3625,10,161,0),(3626,10,162,0),(3627,10,162,0),(3628,10,163,0),(3629,10,164,0),(3630,10,164,0),(3631,10,165,0),(3632,10,165,0),(3633,10,166,0),(3634,10,167,0),(3635,10,167,0),(3636,10,168,0),(3637,10,168,0),(3638,10,169,0),(3639,10,170,0),(3640,10,170,0),(3641,10,171,0),(3642,10,172,0),(3643,10,172,0),(3644,10,173,0),(3645,10,174,0),(3646,10,174,0),(3647,10,175,0),(3648,10,176,0),(3649,10,176,0),(3650,10,177,0),(3651,10,178,0),(3652,10,178,0),(3653,10,179,0),(3654,10,179,0),(3655,10,180,0),(3656,10,181,0),(3657,10,181,0),(3658,10,182,0),(3659,10,182,0),(3660,10,183,0),(3661,10,183,0),(3662,10,184,0),(3663,10,184,0),(3664,10,185,0),(3665,10,185,0),(3666,10,186,0),(3667,10,186,0),(3668,10,187,0),(3669,10,187,0),(3670,10,188,0),(3671,10,188,0),(3672,10,189,0),(3673,10,189,0),(3674,10,190,0),(3675,10,190,0),(3676,10,191,0),(3677,10,191,0),(3678,10,192,0),(3679,10,192,0),(3680,10,193,0),(3681,10,193,0),(3682,10,194,0),(3683,10,194,0),(3684,10,195,0),(3685,10,195,0),(3686,10,196,0),(3687,10,196,0),(3688,10,197,0),(3689,10,198,0),(3690,10,198,0),(3691,10,199,0),(3692,10,199,0),(3693,10,200,0),(3694,10,200,0),(3695,10,201,0),(3696,10,201,0),(3697,10,202,0),(3698,10,202,0),(3699,10,203,0),(3700,10,203,0),(3701,10,204,0),(3702,10,205,0),(3703,10,205,0),(3704,10,206,0),(3705,10,206,0),(3706,10,207,0),(3707,10,207,0),(3708,10,208,0),(3709,10,208,0),(3710,10,209,0),(3711,10,209,0),(3712,10,210,0),(3713,10,210,0),(3714,10,211,0),(3715,10,212,0),(3716,10,212,0),(3717,10,213,0),(3718,10,213,0),(3719,10,214,0),(3720,10,214,0),(3721,10,215,0),(3722,10,215,0),(3723,10,216,0),(3724,10,216,0),(3725,10,217,0),(3726,10,217,0),(3727,10,218,0),(3728,10,219,0),(3729,10,219,0),(3730,10,220,0),(3731,10,221,0),(3732,10,222,0),(3733,10,222,0),(3734,10,223,0),(3735,10,223,0),(3736,10,224,0),(3737,10,224,0),(3738,10,225,0),(3739,10,225,0),(3740,10,226,0),(3741,10,226,0),(3742,10,227,0),(3743,10,227,0),(3744,10,228,0),(3745,10,228,0),(3746,10,229,0),(3747,10,229,0),(3748,10,230,0),(3749,10,230,0),(3750,10,231,0),(3751,10,231,0),(3752,10,232,0),(3753,10,233,0),(3754,10,234,0),(3755,10,234,0),(3756,10,235,0),(3757,10,236,0),(3758,10,236,0),(3759,10,237,0),(3760,10,237,0),(3761,10,238,0),(3762,10,239,0),(3763,10,239,0),(3764,10,240,0),(3765,10,240,0),(3766,10,241,0),(3767,10,242,0),(3768,10,242,0),(3769,10,243,0),(3770,10,244,0),(3771,10,245,0),(3772,10,245,0),(3773,10,246,0),(3774,10,247,0),(3775,10,247,0),(3776,10,248,0),(3777,10,249,0),(3778,10,249,0),(3779,10,250,0),(3780,10,250,0),(3781,10,251,0),(3782,11,1,0),(3783,11,1,0),(3784,11,2,0),(3785,11,2,0),(3786,11,3,0),(3787,11,4,0),(3788,11,4,0),(3789,11,5,0),(3790,11,6,0),(3791,11,6,0),(3792,11,7,0),(3793,11,8,0),(3794,11,9,0),(3795,11,9,0),(3796,11,10,0),(3797,11,10,0),(3798,11,11,0),(3799,11,11,0),(3800,11,12,0),(3801,11,13,0),(3802,11,13,0),(3803,11,14,0),(3804,11,15,0),(3805,11,15,0),(3806,11,16,0),(3807,11,17,0),(3808,11,17,0),(3809,11,18,0),(3810,11,18,0),(3811,11,19,0),(3812,11,20,0),(3813,11,21,0),(3814,11,22,0),(3815,11,22,0),(3816,11,23,0),(3817,11,23,0),(3818,11,24,0),(3819,11,24,0),(3820,11,25,0),(3821,11,25,0),(3822,11,26,0),(3823,11,26,0),(3824,11,27,0),(3825,11,27,0),(3826,11,28,0),(3827,11,28,0),(3828,11,29,0),(3829,11,30,0),(3830,11,30,0),(3831,11,31,0),(3832,11,32,0),(3833,11,32,0),(3834,11,33,0),(3835,11,34,0),(3836,11,34,0),(3837,11,35,0),(3838,11,35,0),(3839,11,36,0),(3840,11,36,0),(3841,11,37,0),(3842,11,38,0),(3843,11,38,0),(3844,11,39,0),(3845,11,40,0),(3846,11,40,0),(3847,11,41,0),(3848,11,42,0),(3849,11,43,0),(3850,11,44,0),(3851,11,45,0),(3852,11,45,0),(3853,11,46,0),(3854,11,47,0),(3855,11,48,0),(3856,11,48,0),(3857,11,49,0),(3858,11,49,0),(3859,11,50,0),(3860,11,50,0),(3861,11,51,0),(3862,11,52,0),(3863,11,52,0),(3864,11,53,0),(3865,11,54,0),(3866,11,55,0),(3867,11,55,0),(3868,11,56,0),(3869,11,57,0),(3870,11,57,0),(3871,11,58,0),(3872,11,59,0),(3873,11,59,0),(3874,11,60,0),(3875,11,60,0),(3876,11,61,0),(3877,11,62,0),(3878,11,63,0),(3879,11,63,0),(3880,11,64,0),(3881,11,65,0),(3882,11,66,0),(3883,11,67,0),(3884,11,67,0),(3885,11,68,0),(3886,11,68,0),(3887,11,69,0),(3888,11,70,0),(3889,11,71,0),(3890,11,71,0),(3891,11,72,0),(3892,11,73,0),(3893,11,73,0),(3894,11,74,0),(3895,11,74,0),(3896,11,75,0),(3897,11,76,0),(3898,11,76,0),(3899,11,77,0),(3900,11,78,0),(3901,11,79,0),(3902,11,80,0),(3903,11,80,0),(3904,11,81,0),(3905,11,82,0),(3906,11,83,0),(3907,11,83,0),(3908,11,84,0),(3909,11,84,0),(3910,11,85,0),(3911,11,85,0),(3912,11,86,0),(3913,11,86,0),(3914,11,87,0),(3915,11,87,0),(3916,11,88,0),(3917,11,88,0),(3918,11,89,0),(3919,11,89,0),(3920,11,90,0),(3921,11,91,0),(3922,11,91,0),(3923,11,92,0),(3924,11,92,0),(3925,11,93,0),(3926,11,94,0),(3927,11,94,0),(3928,11,95,0),(3929,11,95,0),(3930,11,96,0),(3931,11,96,0),(3932,11,97,0),(3933,11,98,0),(3934,11,98,0),(3935,11,99,0),(3936,11,99,0),(3937,11,100,0),(3938,11,100,0),(3939,11,101,0),(3940,11,101,0),(3941,11,102,0),(3942,11,103,0),(3943,11,103,0),(3944,11,104,0),(3945,11,104,0),(3946,11,105,0),(3947,11,106,0),(3948,11,106,0),(3949,11,107,0),(3950,11,108,0),(3951,11,108,0),(3952,11,109,0),(3953,11,109,0),(3954,11,110,0),(3955,11,110,0),(3956,11,111,0),(3957,11,112,0),(3958,11,112,0),(3959,11,113,0),(3960,11,113,0),(3961,11,114,0),(3962,11,114,0),(3963,11,115,0),(3964,11,116,0),(3965,11,117,0),(3966,11,117,0),(3967,11,118,0),(3968,11,118,0),(3969,11,119,0),(3970,11,119,0),(3971,11,120,0),(3972,11,120,0),(3973,11,121,0),(3974,11,121,0),(3975,11,122,0),(3976,11,122,0),(3977,11,123,0),(3978,11,123,0),(3979,11,124,0),(3980,11,124,0),(3981,11,125,0),(3982,11,125,0),(3983,11,126,0),(3984,11,126,0),(3985,11,127,0),(3986,11,127,0),(3987,11,128,0),(3988,11,128,0),(3989,11,129,0),(3990,11,129,0),(3991,11,130,0),(3992,11,130,0),(3993,11,131,0),(3994,11,131,0),(3995,11,132,0),(3996,11,132,0),(3997,11,133,0),(3998,11,133,0),(3999,11,134,0),(4000,11,134,0),(4001,11,135,0),(4002,11,135,0),(4003,11,136,0),(4004,11,136,0),(4005,11,137,0),(4006,11,137,0),(4007,11,138,0),(4008,11,138,0),(4009,11,139,0),(4010,11,139,0),(4011,11,140,0),(4012,11,140,0),(4013,11,141,0),(4014,11,142,0),(4015,11,142,0),(4016,11,143,0),(4017,11,143,0),(4018,11,144,0),(4019,11,144,0),(4020,11,145,0),(4021,11,146,0),(4022,11,147,0),(4023,11,147,0),(4024,11,148,0),(4025,11,149,0),(4026,11,150,0),(4027,11,150,0),(4028,11,151,0),(4029,11,151,0),(4030,11,152,0),(4031,11,152,0),(4032,11,153,0),(4033,11,153,0),(4034,11,154,0),(4035,11,155,0),(4036,11,156,0),(4037,11,156,0),(4038,11,157,0),(4039,11,157,0),(4040,11,158,0),(4041,11,158,0),(4042,11,159,0),(4043,11,159,0),(4044,11,160,0),(4045,11,160,0),(4046,11,161,0),(4047,11,161,0),(4048,11,162,0),(4049,11,162,0),(4050,11,163,0),(4051,11,163,0),(4052,11,164,0),(4053,11,164,0),(4054,11,165,0),(4055,11,165,0),(4056,11,166,0),(4057,11,166,0),(4058,11,167,0),(4059,11,167,0),(4060,11,168,0),(4061,11,168,0),(4062,11,169,0),(4063,11,169,0),(4064,11,170,0),(4065,11,170,0),(4066,11,171,0),(4067,11,171,0),(4068,11,172,0),(4069,11,173,0),(4070,11,173,0),(4071,11,174,0),(4072,11,174,0),(4073,11,175,0),(4074,11,175,0),(4075,11,176,0),(4076,11,177,0),(4077,11,177,0),(4078,11,178,0),(4079,11,179,0),(4080,11,179,0),(4081,11,180,0),(4082,11,180,0),(4083,11,181,0),(4084,11,181,0),(4085,11,182,0),(4086,11,182,0),(4087,11,183,0),(4088,11,183,0),(4089,11,184,0),(4090,11,184,0),(4091,11,185,0),(4092,11,185,0),(4093,11,186,0),(4094,11,186,0),(4095,11,187,0),(4096,11,187,0),(4097,11,188,0),(4098,11,188,0),(4099,11,189,0),(4100,11,190,0),(4101,11,190,0),(4102,11,191,0),(4103,11,191,0),(4104,11,192,0),(4105,11,192,0),(4106,11,193,0),(4107,11,193,0),(4108,11,194,0),(4109,11,194,0),(4110,11,195,0),(4111,11,195,0),(4112,11,196,0),(4113,11,196,0),(4114,11,197,0),(4115,11,197,0),(4116,11,198,0),(4117,11,199,0),(4118,11,199,0),(4119,11,200,0),(4120,11,201,0),(4121,11,201,0),(4122,11,202,0),(4123,11,202,0),(4124,11,203,0),(4125,11,203,0),(4126,11,204,0),(4127,11,204,0),(4128,11,205,0),(4129,11,205,0),(4130,11,206,0),(4131,11,206,0),(4132,11,207,0),(4133,11,208,0),(4134,11,208,0),(4135,11,209,0),(4136,11,209,0),(4137,11,210,0),(4138,11,210,0),(4139,11,211,0),(4140,11,211,0),(4141,11,212,0),(4142,11,212,0),(4143,11,213,0),(4144,11,213,0),(4145,11,214,0),(4146,11,215,0),(4147,11,215,0),(4148,11,216,0),(4149,11,216,0),(4150,11,217,0),(4151,11,217,0),(4152,11,218,0),(4153,11,218,0),(4154,11,219,0),(4155,11,219,0),(4156,11,220,0),(4157,11,220,0),(4158,11,221,0),(4159,11,221,0),(4160,11,222,0),(4161,11,222,0),(4162,11,223,0),(4163,11,223,0),(4164,11,224,0),(4165,11,224,0),(4166,11,225,0),(4167,11,226,0),(4168,11,226,0),(4169,11,227,0),(4170,11,227,0),(4171,11,228,0),(4172,11,228,0),(4173,11,229,0),(4174,11,229,0),(4175,11,230,0),(4176,11,230,0),(4177,11,231,0),(4178,11,231,0),(4179,11,232,0),(4180,11,233,0),(4181,11,233,0),(4182,11,234,0),(4183,11,234,0),(4184,11,235,0),(4185,11,235,0),(4186,11,236,0),(4187,11,236,0),(4188,11,237,0),(4189,11,237,0),(4190,11,238,0),(4191,11,238,0),(4192,11,239,0),(4193,11,239,0),(4194,11,240,0),(4195,11,240,0),(4196,11,241,0),(4197,11,241,0),(4198,11,242,0),(4199,11,242,0),(4200,11,243,0),(4201,11,243,0),(4202,11,244,0),(4203,11,245,0),(4204,11,245,0),(4205,11,246,0),(4206,11,246,0),(4207,11,247,0),(4208,11,248,0),(4209,11,249,0),(4210,11,249,0),(4211,11,250,0),(4212,11,250,0),(4213,11,251,0),(4214,11,251,0),(4215,12,1,0),(4216,12,2,0),(4217,12,3,0),(4218,12,4,0),(4219,12,4,0),(4220,12,5,0),(4221,12,6,0),(4222,12,6,0),(4223,12,7,0),(4224,12,7,0),(4225,12,8,0),(4226,12,8,0),(4227,12,9,0),(4228,12,10,0),(4229,12,10,0),(4230,12,11,0),(4231,12,11,0),(4232,12,12,0),(4233,12,12,0),(4234,12,13,0),(4235,12,14,0),(4236,12,14,0),(4237,12,15,0),(4238,12,16,0),(4239,12,16,0),(4240,12,17,0),(4241,12,18,0),(4242,12,18,0),(4243,12,19,0),(4244,12,19,0),(4245,12,20,0),(4246,12,21,0),(4247,12,21,0),(4248,12,22,0),(4249,12,22,0),(4250,12,23,0),(4251,12,23,0),(4252,12,24,0),(4253,12,25,0),(4254,12,26,0),(4255,12,26,0),(4256,12,27,0),(4257,12,27,0),(4258,12,28,0),(4259,12,28,0),(4260,12,29,0),(4261,12,29,0),(4262,12,30,0),(4263,12,30,0),(4264,12,31,0),(4265,12,31,0),(4266,12,32,0),(4267,12,32,0),(4268,12,33,0),(4269,12,33,0),(4270,12,34,0),(4271,12,34,0),(4272,12,35,0),(4273,12,35,0),(4274,12,36,0),(4275,12,36,0),(4276,12,37,0),(4277,12,37,0),(4278,12,38,0),(4279,12,39,0),(4280,12,39,0),(4281,12,40,0),(4282,12,40,0),(4283,12,41,0),(4284,12,42,0),(4285,12,43,0),(4286,12,43,0),(4287,12,44,0),(4288,12,44,0),(4289,12,45,0),(4290,12,45,0),(4291,12,46,0),(4292,12,47,0),(4293,12,47,0),(4294,12,48,0),(4295,12,48,0),(4296,12,49,0),(4297,12,49,0),(4298,12,50,0),(4299,12,50,0),(4300,12,51,0),(4301,12,51,0),(4302,12,52,0),(4303,12,52,0),(4304,12,53,0),(4305,12,53,0),(4306,12,54,0),(4307,12,55,0),(4308,12,55,0),(4309,12,56,0),(4310,12,56,0),(4311,12,57,0),(4312,12,57,0),(4313,12,58,0),(4314,12,58,0),(4315,12,59,0),(4316,12,59,0),(4317,12,60,0),(4318,12,60,0),(4319,12,61,0),(4320,12,61,0),(4321,12,62,0),(4322,12,62,0),(4323,12,63,0),(4324,12,63,0),(4325,12,64,0),(4326,12,64,0),(4327,12,65,0),(4328,12,66,0),(4329,12,66,0),(4330,12,67,0),(4331,12,68,0),(4332,12,68,0),(4333,12,69,0),(4334,12,69,0),(4335,12,70,0),(4336,12,71,0),(4337,12,71,0),(4338,12,72,0),(4339,12,73,0),(4340,12,73,0),(4341,12,74,0),(4342,12,75,0),(4343,12,75,0),(4344,12,76,0),(4345,12,76,0),(4346,12,77,0),(4347,12,78,0),(4348,12,78,0),(4349,12,79,0),(4350,12,79,0),(4351,12,80,0),(4352,12,81,0),(4353,12,81,0),(4354,12,82,0),(4355,12,83,0),(4356,12,84,0),(4357,12,84,0),(4358,12,85,0),(4359,12,85,0),(4360,12,86,0),(4361,12,87,0),(4362,12,87,0),(4363,12,88,0),(4364,12,89,0),(4365,12,89,0),(4366,12,90,0),(4367,12,90,0),(4368,12,91,0),(4369,12,92,0),(4370,12,92,0),(4371,12,93,0),(4372,12,93,0),(4373,12,94,0),(4374,12,94,0),(4375,12,95,0),(4376,12,95,0),(4377,12,96,0),(4378,12,96,0),(4379,12,97,0),(4380,12,97,0),(4381,12,98,0),(4382,12,98,0),(4383,12,99,0),(4384,12,100,0),(4385,12,101,0),(4386,12,101,0),(4387,12,102,0),(4388,12,102,0),(4389,12,103,0),(4390,12,104,0),(4391,12,104,0),(4392,12,105,0),(4393,12,105,0),(4394,12,106,0),(4395,12,107,0),(4396,12,107,0),(4397,12,108,0),(4398,12,108,0),(4399,12,109,0),(4400,12,110,0),(4401,12,110,0),(4402,12,111,0),(4403,12,111,0),(4404,12,112,0),(4405,12,112,0),(4406,12,113,0),(4407,12,113,0),(4408,12,114,0),(4409,12,114,0),(4410,12,115,0),(4411,12,115,0),(4412,12,116,0),(4413,12,116,0),(4414,12,117,0),(4415,12,118,0),(4416,12,118,0),(4417,12,119,0),(4418,12,119,0),(4419,12,120,0),(4420,12,121,0),(4421,12,122,0),(4422,12,123,0),(4423,12,124,0),(4424,12,124,0),(4425,12,125,0),(4426,12,126,0),(4427,12,126,0),(4428,12,127,0),(4429,12,128,0),(4430,12,128,0),(4431,12,129,0),(4432,12,129,0),(4433,12,130,0),(4434,12,131,0),(4435,12,131,0),(4436,12,132,0),(4437,12,132,0),(4438,12,133,0),(4439,12,133,0),(4440,12,134,0),(4441,12,135,0),(4442,12,135,0),(4443,12,136,0),(4444,12,136,0),(4445,12,137,0),(4446,12,137,0),(4447,12,138,0),(4448,12,138,0),(4449,12,139,0),(4450,12,140,0),(4451,12,140,0),(4452,12,141,0),(4453,12,141,0),(4454,12,142,0),(4455,12,143,0),(4456,12,144,0),(4457,12,144,0),(4458,12,145,0),(4459,12,145,0),(4460,12,146,0),(4461,12,146,0),(4462,12,147,0),(4463,12,147,0),(4464,12,148,0),(4465,12,148,0),(4466,12,149,0),(4467,12,149,0),(4468,12,150,0),(4469,12,150,0),(4470,12,151,0),(4471,12,151,0),(4472,12,152,0),(4473,12,152,0),(4474,12,153,0),(4475,12,153,0),(4476,12,154,0),(4477,12,154,0),(4478,12,155,0),(4479,12,155,0),(4480,12,156,0),(4481,12,157,0),(4482,12,158,0),(4483,12,158,0),(4484,12,159,0),(4485,12,159,0),(4486,12,160,0),(4487,12,160,0),(4488,12,161,0),(4489,12,162,0),(4490,12,162,0),(4491,12,163,0),(4492,12,163,0),(4493,12,164,0),(4494,12,165,0),(4495,12,165,0),(4496,12,166,0),(4497,12,166,0),(4498,12,167,0),(4499,12,167,0),(4500,12,168,0),(4501,12,168,0),(4502,12,169,0),(4503,12,169,0),(4504,12,170,0),(4505,12,170,0),(4506,12,171,0),(4507,12,171,0),(4508,12,172,0),(4509,12,172,0),(4510,12,173,0),(4511,12,173,0),(4512,12,174,0),(4513,12,174,0),(4514,12,175,0),(4515,12,175,0),(4516,12,176,0),(4517,12,176,0),(4518,12,177,0),(4519,12,177,0),(4520,12,178,0),(4521,12,178,0),(4522,12,179,0),(4523,12,179,0),(4524,12,180,0),(4525,12,180,0),(4526,12,181,0),(4527,12,181,0),(4528,12,182,0),(4529,12,182,0),(4530,12,183,0),(4531,12,183,0),(4532,12,184,0),(4533,12,184,0),(4534,12,185,0),(4535,12,185,0),(4536,12,186,0),(4537,12,186,0),(4538,12,187,0),(4539,12,187,0),(4540,12,188,0),(4541,12,188,0),(4542,12,189,0),(4543,12,189,0),(4544,12,190,0),(4545,12,190,0),(4546,12,191,0),(4547,12,191,0),(4548,12,192,0),(4549,12,193,0),(4550,12,193,0),(4551,12,194,0),(4552,12,195,0),(4553,12,195,0),(4554,12,196,0),(4555,12,197,0),(4556,12,198,0),(4557,12,198,0),(4558,12,199,0),(4559,12,200,0),(4560,12,200,0),(4561,12,201,0),(4562,12,201,0),(4563,12,202,0),(4564,12,202,0),(4565,12,203,0),(4566,12,203,0),(4567,12,204,0),(4568,12,204,0),(4569,12,205,0),(4570,12,206,0),(4571,12,206,0),(4572,12,207,0),(4573,12,207,0),(4574,12,208,0),(4575,12,208,0),(4576,12,209,0),(4577,12,209,0),(4578,12,210,0),(4579,12,210,0),(4580,12,211,0),(4581,12,211,0),(4582,12,212,0),(4583,12,212,0),(4584,12,213,0),(4585,12,213,0),(4586,12,214,0),(4587,12,214,0),(4588,12,215,0),(4589,12,215,0),(4590,12,216,0),(4591,12,216,0),(4592,12,217,0),(4593,12,217,0),(4594,12,218,0),(4595,12,218,0),(4596,12,219,0),(4597,12,220,0),(4598,12,220,0),(4599,12,221,0),(4600,12,221,0),(4601,12,222,0),(4602,12,223,0),(4603,12,223,0),(4604,12,224,0),(4605,12,224,0),(4606,12,225,0),(4607,12,225,0),(4608,12,226,0),(4609,12,227,0),(4610,12,227,0),(4611,12,228,0),(4612,12,228,0),(4613,12,229,0),(4614,12,229,0),(4615,12,230,0),(4616,12,230,0),(4617,12,231,0),(4618,12,231,0),(4619,12,232,0),(4620,12,232,0),(4621,12,233,0),(4622,12,233,0),(4623,12,234,0),(4624,12,235,0),(4625,12,235,0),(4626,12,236,0),(4627,12,236,0),(4628,12,237,0),(4629,12,237,0),(4630,12,238,0),(4631,12,238,0),(4632,12,239,0),(4633,12,239,0),(4634,12,240,0),(4635,12,240,0),(4636,12,241,0),(4637,12,241,0),(4638,12,242,0),(4639,12,242,0),(4640,12,243,0),(4641,12,244,0),(4642,12,244,0),(4643,12,245,0),(4644,12,245,0),(4645,12,246,0),(4646,12,246,0),(4647,12,247,0),(4648,12,248,0),(4649,12,248,0),(4650,12,249,0),(4651,12,249,0),(4652,12,250,0),(4653,12,251,0),(4654,12,251,0);
/*!40000 ALTER TABLE `velocity` ENABLE KEYS */;
UNLOCK TABLES;

--
-- Table structure for table `weeks`
--

DROP TABLE IF EXISTS `weeks`;
/*!40101 SET @saved_cs_client     = @@character_set_client */;
/*!40101 SET character_set_client = utf8 */;
CREATE TABLE `weeks` (
  `id` int(11) NOT NULL AUTO_INCREMENT,
  `weekcommencing` date DEFAULT NULL,
  `sprint` int(11) DEFAULT NULL,
  `events` varchar(100) DEFAULT NULL,
  PRIMARY KEY (`id`)
) ENGINE=InnoDB AUTO_INCREMENT=252 DEFAULT CHARSET=utf8mb4;
/*!40101 SET character_set_client = @saved_cs_client */;

--
-- Dumping data for table `weeks`
--

LOCK TABLES `weeks` WRITE;
/*!40000 ALTER TABLE `weeks` DISABLE KEYS */;
INSERT INTO `weeks` VALUES (1,'2018-01-01',13,'\n                                New Year, Bank Holiday Monday<br>                            '),(2,'2018-01-08',13,'Exam week, Semester2 starts<br>'),(3,'2018-01-15',13,'Sample event'),(4,'2018-01-22',14,''),(5,'2018-01-29',14,''),(6,'2018-02-05',14,''),(7,'2018-02-12',15,''),(8,'2018-02-19',15,''),(9,'2018-02-26',15,''),(10,'2018-03-05',16,''),(11,'2018-03-12',16,''),(12,'2018-03-19',16,''),(13,'2018-03-26',17,'RO MoodleMoot<br>'),(14,'2018-04-02',17,''),(15,'2018-04-09',17,''),(16,'2018-04-16',18,''),(17,'2018-04-23',18,''),(18,'2018-04-30',18,''),(19,'2018-05-07',19,''),(20,'2018-05-14',19,''),(21,'2018-05-21',19,''),(22,'2018-05-28',20,''),(23,'2018-06-04',20,''),(24,'2018-06-11',20,''),(25,'2018-06-18',21,''),(26,'2018-06-25',21,''),(27,'2018-07-02',21,''),(28,'2018-07-09',22,''),(29,'2018-07-16',22,''),(30,'2018-07-23',22,''),(31,'2018-07-30',23,''),(32,'2018-08-06',23,''),(33,'2018-08-13',23,''),(34,'2018-08-20',24,''),(35,'2018-08-27',24,''),(36,'2018-09-03',24,''),(37,'2018-09-10',0,''),(38,'2018-09-17',0,''),(39,'2018-09-24',0,''),(40,'2018-10-01',0,''),(41,'2018-10-08',0,''),(42,'2018-10-15',0,''),(43,'2018-10-22',0,''),(44,'2018-10-29',0,''),(45,'2018-11-05',0,''),(46,'2018-11-12',0,''),(47,'2018-11-19',0,''),(48,'2018-11-26',0,''),(49,'2018-12-03',0,''),(50,'2018-12-10',0,''),(51,'2018-12-17',0,''),(52,'2018-12-24',0,''),(53,'2018-12-31',0,''),(54,'2019-01-07',0,''),(55,'2019-01-14',0,''),(56,'2019-01-21',0,''),(57,'2019-01-28',0,''),(58,'2019-02-04',0,''),(59,'2019-02-11',0,''),(60,'2019-02-18',0,''),(61,'2019-02-25',0,''),(62,'2019-03-04',0,''),(63,'2019-03-11',0,''),(64,'2019-03-18',0,''),(65,'2019-03-25',0,''),(66,'2019-04-01',0,''),(67,'2019-04-08',0,''),(68,'2019-04-15',0,''),(69,'2019-04-22',0,''),(70,'2019-04-29',0,''),(71,'2019-05-06',0,''),(72,'2019-05-13',0,''),(73,'2019-05-20',0,''),(74,'2019-05-27',0,''),(75,'2019-06-03',0,''),(76,'2019-06-10',0,''),(77,'2019-06-17',0,''),(78,'2019-06-24',0,''),(79,'2019-07-01',0,''),(80,'2019-07-08',0,''),(81,'2019-07-15',0,''),(82,'2019-07-22',0,''),(83,'2019-07-29',0,''),(84,'2019-08-05',0,''),(85,'2019-08-12',0,''),(86,'2019-08-19',0,''),(87,'2019-08-26',0,''),(88,'2019-09-02',0,''),(89,'2019-09-09',0,''),(90,'2019-09-16',0,''),(91,'2019-09-23',0,''),(92,'2019-09-30',0,''),(93,'2019-10-07',0,''),(94,'2019-10-14',0,''),(95,'2019-10-21',0,''),(96,'2019-10-28',0,''),(97,'2019-11-04',0,''),(98,'2019-11-11',0,''),(99,'2019-11-18',0,''),(100,'2019-11-25',0,''),(101,'2019-12-02',0,''),(102,'2019-12-09',0,''),(103,'2019-12-16',0,''),(104,'2019-12-23',0,''),(105,'2019-12-30',0,''),(106,'2020-01-06',0,''),(107,'2020-01-13',0,''),(108,'2020-01-20',0,''),(109,'2020-01-27',0,''),(110,'2020-02-03',0,''),(111,'2020-02-10',0,''),(112,'2020-02-17',0,''),(113,'2020-02-24',0,''),(114,'2020-03-02',0,''),(115,'2020-03-09',0,''),(116,'2020-03-16',0,''),(117,'2020-03-23',0,''),(118,'2020-03-30',0,''),(119,'2020-04-06',0,''),(120,'2020-04-13',0,''),(121,'2020-04-20',0,''),(122,'2020-04-27',0,''),(123,'2020-05-04',0,''),(124,'2020-05-11',0,''),(125,'2020-05-18',0,''),(126,'2020-05-25',0,''),(127,'2020-06-01',0,''),(128,'2020-06-08',0,''),(129,'2020-06-15',0,''),(130,'2020-06-22',0,''),(131,'2020-06-29',0,''),(132,'2020-07-06',0,''),(133,'2020-07-13',0,''),(134,'2020-07-20',0,''),(135,'2020-07-27',0,''),(136,'2020-08-03',0,''),(137,'2020-08-10',0,''),(138,'2020-08-17',0,''),(139,'2020-08-24',0,''),(140,'2020-08-31',0,''),(141,'2020-09-07',0,''),(142,'2020-09-14',0,''),(143,'2020-09-21',0,''),(144,'2020-09-28',0,''),(145,'2020-10-05',0,''),(146,'2020-10-12',0,''),(147,'2020-10-19',0,''),(148,'2020-10-26',0,''),(149,'2020-11-02',0,''),(150,'2020-11-09',0,''),(151,'2020-11-16',0,''),(152,'2020-11-23',0,''),(153,'2020-11-30',0,''),(154,'2020-12-07',0,''),(155,'2020-12-14',0,''),(156,'2020-12-21',0,''),(157,'2020-12-28',0,''),(158,'2021-01-04',0,''),(159,'2021-01-11',0,''),(160,'2021-01-18',0,''),(161,'2021-01-25',0,''),(162,'2021-02-01',0,''),(163,'2021-02-08',0,''),(164,'2021-02-15',0,''),(165,'2021-02-22',0,''),(166,'2021-03-01',0,''),(167,'2021-03-08',0,''),(168,'2021-03-15',0,''),(169,'2021-03-22',0,''),(170,'2021-03-29',0,''),(171,'2021-04-05',0,''),(172,'2021-04-12',0,''),(173,'2021-04-19',0,''),(174,'2021-04-26',0,''),(175,'2021-05-03',0,''),(176,'2021-05-10',0,''),(177,'2021-05-17',0,''),(178,'2021-05-24',0,''),(179,'2021-05-31',0,''),(180,'2021-06-07',0,''),(181,'2021-06-14',0,''),(182,'2021-06-21',0,''),(183,'2021-06-28',0,''),(184,'2021-07-05',0,''),(185,'2021-07-12',0,''),(186,'2021-07-19',0,''),(187,'2021-07-26',0,''),(188,'2021-08-02',0,''),(189,'2021-08-09',0,''),(190,'2021-08-16',0,''),(191,'2021-08-23',0,''),(192,'2021-08-30',0,''),(193,'2021-09-06',0,''),(194,'2021-09-13',0,''),(195,'2021-09-20',0,''),(196,'2021-09-27',0,''),(197,'2021-10-04',0,''),(198,'2021-10-11',0,''),(199,'2021-10-18',0,''),(200,'2021-10-25',0,''),(201,'2021-11-01',0,''),(202,'2021-11-08',0,''),(203,'2021-11-15',0,''),(204,'2021-11-22',0,''),(205,'2021-11-29',0,''),(206,'2021-12-06',0,''),(207,'2021-12-13',0,''),(208,'2021-12-20',0,''),(209,'2021-12-27',0,''),(210,'2022-01-03',0,''),(211,'2022-01-10',0,''),(212,'2022-01-17',0,''),(213,'2022-01-24',0,''),(214,'2022-01-31',0,''),(215,'2022-02-07',0,''),(216,'2022-02-14',0,''),(217,'2022-02-21',0,''),(218,'2022-02-28',0,''),(219,'2022-03-07',0,''),(220,'2022-03-14',0,''),(221,'2022-03-21',0,''),(222,'2022-03-28',0,''),(223,'2022-04-04',0,''),(224,'2022-04-11',0,''),(225,'2022-04-18',0,''),(226,'2022-04-25',0,''),(227,'2022-05-02',0,''),(228,'2022-05-09',0,''),(229,'2022-05-16',0,''),(230,'2022-05-23',0,''),(231,'2022-05-30',0,''),(232,'2022-06-06',0,''),(233,'2022-06-13',0,''),(234,'2022-06-20',0,''),(235,'2022-06-27',0,''),(236,'2022-07-04',0,''),(237,'2022-07-11',0,''),(238,'2022-07-18',0,''),(239,'2022-07-25',0,''),(240,'2022-08-01',0,''),(241,'2022-08-08',0,''),(242,'2022-08-15',0,''),(243,'2022-08-22',0,''),(244,'2022-08-29',0,''),(245,'2022-09-05',0,''),(246,'2022-09-12',0,''),(247,'2022-09-19',0,''),(248,'2022-09-26',0,''),(249,'2022-10-03',0,''),(250,'2022-10-10',0,''),(251,'2022-10-17',0,'');
/*!40000 ALTER TABLE `weeks` ENABLE KEYS */;
UNLOCK TABLES;
/*!40103 SET TIME_ZONE=@OLD_TIME_ZONE */;

/*!40101 SET SQL_MODE=@OLD_SQL_MODE */;
/*!40014 SET FOREIGN_KEY_CHECKS=@OLD_FOREIGN_KEY_CHECKS */;
/*!40014 SET UNIQUE_CHECKS=@OLD_UNIQUE_CHECKS */;
/*!40101 SET CHARACTER_SET_CLIENT=@OLD_CHARACTER_SET_CLIENT */;
/*!40101 SET CHARACTER_SET_RESULTS=@OLD_CHARACTER_SET_RESULTS */;
/*!40101 SET COLLATION_CONNECTION=@OLD_COLLATION_CONNECTION */;
/*!40111 SET SQL_NOTES=@OLD_SQL_NOTES */;

-- Dump completed on 2017-12-30 17:31:31
